ID,age,group,raw
201021,8.67945205479452,8.612022409493305,23
201024,11.849315068493151,11.689430024621958,25
201027,15.087431693989071,14.82702781017509,32
202002,18.092896174863387,17.97197012771691,37
202003,17.745205479452054,17.97197012771691,36
202004,18.465753424657535,17.97197012771691,37
203006,10.336986301369864,10.37886228584443,18
203007,10.635616438356164,10.37886228584443,26
203008,11.136612021857923,11.024619867393564,12
203009,10.794520547945206,11.024619867393564,31
203010,11.21311475409836,11.024619867393564,28
203011,10.901369863013699,11.024619867393564,21
203012,11.248633879781421,11.024619867393564,28
203013,10.854794520547944,11.024619867393564,29
203015,12.682191780821917,12.409892048232685,28
203016,13.463013698630137,13.851552941438793,38
203017,15.416438356164383,15.693530276797809,30
203018,17.660273972602738,17.97197012771691,40
203028,11.43013698630137,11.689430024621958,19
204005,12.284931506849315,12.409892048232685,32
204013,11.643835616438356,11.689430024621958,32
204014,12.56986301369863,12.409892048232685,33
204017,13.961643835616439,13.851552941438793,33
205012,10.372602739726027,10.37886228584443,28
205016,13.265753424657534,13.102321966384922,32
205017,8.824657534246576,8.612022409493305,31
205020,12.906849315068493,13.102321966384922,32
205023,9.062841530054644,9.113897923915816,5
205027,11.463013698630137,11.689430024621958,4
205031,14.237704918032787,13.851552941438793,36
205032,17.610958904109587,17.97197012771691,33
205037,15.986301369863014,15.693530276797809,31
205038,16.90958904109589,16.688862781251355,37
206004,12.01639344262295,11.689430024621958,32
206007,14.36986301369863,13.851552941438793,30
206008,12.498630136986302,12.409892048232685,32
206009,12.01639344262295,11.689430024621958,29
206010,9.163934426229508,9.113897923915816,18
207009,8.854794520547944,8.612022409493305,23
207010,8.92876712328767,9.113897923915816,22
207011,10.224043715846994,10.37886228584443,23
207012,11.764383561643836,11.689430024621958,31
207013,11.63013698630137,11.689430024621958,27
207014,12.997260273972604,13.102321966384922,32
207015,13.292349726775956,13.102321966384922,37
207016,13.191256830601093,13.102321966384922,39
207017,13.306010928961749,13.102321966384922,26
207018,13.183060109289617,13.102321966384922,33
207019,12.865753424657534,13.102321966384922,34
207020,12.756164383561643,13.102321966384922,36
207021,14.158469945355192,13.851552941438793,41
208013,7.476712328767123,6.96408127121249,16
208015,15.583561643835617,15.693530276797809,28
208019,10.512328767123288,10.37886228584443,11
208023,9.438356164383562,9.69465982770401,17
208024,10.67945205479452,10.37886228584443,19
209015,14.323287671232876,13.851552941438793,26
210008,8.28415300546448,8.016325347898842,28
210009,8.28415300546448,8.016325347898842,26
210010,14.682191780821917,14.82702781017509,35
210011,15.70958904109589,15.693530276797809,32
210012,17.589041095890412,17.97197012771691,36
210019,10.112021857923498,10.37886228584443,19
210025,9.049180327868852,9.113897923915816,24
210030,17.86849315068493,17.97197012771691,32
210031,15.333333333333334,15.693530276797809,30
210032,13.193989071038251,13.102321966384922,28
210034,16.835616438356166,16.688862781251355,31
210035,12.797260273972602,13.102321966384922,32
210036,11.873972602739727,11.689430024621958,30
210037,7.114754098360656,6.96408127121249,5
210040,13.21311475409836,13.102321966384922,33
210041,15.764383561643836,15.693530276797809,34
210042,16.76986301369863,16.688862781251355,31
210043,7.4863387978142075,6.96408127121249,5
210046,9.136612021857923,9.113897923915816,23
210047,15.03825136612022,14.82702781017509,28
210048,17.024590163934427,16.688862781251355,30
211002,10.673972602739726,10.37886228584443,32
211006,14.155737704918034,13.851552941438793,33
211007,7.890410958904109,8.016325347898842,21
211009,16.19125683060109,16.688862781251355,33
211010,11.558904109589042,11.689430024621958,22
211014,11.155737704918034,11.024619867393564,8
211016,9.19672131147541,9.113897923915816,26
211017,15.465753424657533,15.693530276797809,30
211018,16.495890410958904,16.688862781251355,32
211020,15.61917808219178,15.693530276797809,34
211021,18.174863387978142,17.97197012771691,29
211024,13.591780821917808,13.851552941438793,29
211027,14.506849315068493,14.82702781017509,33
211028,10.884931506849314,11.024619867393564,30
211029,15.26775956284153,14.82702781017509,30
211030,17.02185792349727,16.688862781251355,33
211032,16.53972602739726,16.688862781251355,38
211033,10.512328767123288,10.37886228584443,30
211034,8.901369863013699,9.113897923915816,8
211035,11.254098360655737,11.024619867393564,17
211036,13.202185792349727,13.102321966384922,27
211038,16.043715846994534,15.693530276797809,28
211039,13.202185792349727,13.102321966384922,30
211041,14.797260273972602,14.82702781017509,33
211042,14.69041095890411,14.82702781017509,33
211044,15.61917808219178,15.693530276797809,28
211049,16.117486338797814,15.693530276797809,35
211050,16.947945205479453,16.688862781251355,30
211051,9.237704918032787,9.113897923915816,17
211052,13.810958904109588,13.851552941438793,27
211062,12.813698630136987,13.102321966384922,26
211063,13.567123287671233,13.851552941438793,29
211064,15.846575342465753,15.693530276797809,31
211065,17.504109589041096,17.97197012771691,31
211066,15.319672131147541,15.693530276797809,27
211067,13.05464480874317,13.102321966384922,24
211068,16.21311475409836,16.688862781251355,32
211069,15.64931506849315,15.693530276797809,36
211071,15.93972602739726,15.693530276797809,35
211074,10.087431693989071,10.37886228584443,21
211075,11.12295081967213,11.024619867393564,25
212003,9.849315068493151,9.69465982770401,30
212004,9.945205479452055,9.69465982770401,22
212005,11.139344262295081,11.024619867393564,31
212006,11.947945205479453,11.689430024621958,31
212007,13.33972602739726,13.102321966384922,31
212008,14.389041095890411,14.82702781017509,33
212009,13.945205479452055,13.851552941438793,37
212010,13.838356164383562,13.851552941438793,31
212011,15.498630136986302,15.693530276797809,38
212012,16.12295081967213,15.693530276797809,33
212013,15.051912568306012,14.82702781017509,32
212014,15.868493150684932,15.693530276797809,31
212015,16.19945355191257,16.688862781251355,41
212016,15.131147540983607,14.82702781017509,31
212017,15.873972602739727,15.693530276797809,43
212018,16.07650273224044,15.693530276797809,36
212019,15.534246575342467,15.693530276797809,32
212020,16.69041095890411,16.688862781251355,42
212021,18.265753424657536,17.97197012771691,38
212022,17.312328767123287,17.97197012771691,19
212023,17.005464480874316,16.688862781251355,35
212024,17.53150684931507,17.97197012771691,41
212025,18.166666666666668,17.97197012771691,37
212026,18.542465753424658,17.97197012771691,41
212027,18.326027397260273,17.97197012771691,37
212028,18.08743169398907,17.97197012771691,34
212029,18.356164383561644,17.97197012771691,32
213002,16.791780821917808,16.688862781251355,33
213005,9.19672131147541,9.113897923915816,19
213008,8.92876712328767,9.113897923915816,16
213017,12.509589041095891,12.409892048232685,30
213018,14.745205479452055,14.82702781017509,32
214009,10.07103825136612,10.37886228584443,26
214012,11.852054794520548,11.689430024621958,29
214013,13.03551912568306,13.102321966384922,28
214014,10.745205479452055,11.024619867393564,23
214015,10.336986301369864,10.37886228584443,32
214017,13.843835616438357,13.851552941438793,30
214018,17.476712328767125,17.97197012771691,31
214021,9.2986301369863,9.113897923915816,26
214024,12.457534246575342,12.409892048232685,33
214028,14.076502732240437,13.851552941438793,31
214029,12.098360655737705,12.409892048232685,31
214031,8.915068493150685,9.113897923915816,8
214032,9.608219178082193,9.69465982770401,26
214034,15.613698630136986,15.693530276797809,37
214035,16.27123287671233,16.688862781251355,31
214040,10.207650273224044,10.37886228584443,25
214044,12.345205479452055,12.409892048232685,32
214052,10.133879781420765,10.37886228584443,27
214056,8.112021857923498,8.016325347898842,20
214058,9.437158469945356,9.69465982770401,26
214060,12.23224043715847,12.409892048232685,32
214068,13.51639344262295,13.851552941438793,34
214069,9.407103825136613,9.69465982770401,30
214072,10.786301369863013,11.024619867393564,34
214074,11.024590163934427,11.024619867393564,24
216005,17.26027397260274,16.688862781251355,33
217015,8.863013698630137,8.612022409493305,28
217016,8.917808219178083,9.113897923915816,25
217017,9.084699453551913,9.113897923915816,22
217019,12.199453551912569,12.409892048232685,26
217020,10.698630136986301,10.37886228584443,26
217021,13.16120218579235,13.102321966384922,34
217022,14.076502732240437,13.851552941438793,36
218003,9.556164383561644,9.69465982770401,14
218004,9.931506849315069,9.69465982770401,22
218005,9.931506849315069,9.69465982770401,30
218006,11.728767123287671,11.689430024621958,31
218007,12.953424657534246,13.102321966384922,35
218009,16.904109589041095,16.688862781251355,36
218010,16.410958904109588,16.688862781251355,30
218011,17.386301369863013,17.97197012771691,32
218012,16.956164383561642,16.688862781251355,37
218013,17.553424657534247,17.97197012771691,31
218014,18.67945205479452,17.97197012771691,31
219006,8.632876712328766,8.612022409493305,17
219007,12.158469945355192,12.409892048232685,21
219008,11.224043715846994,11.024619867393564,32
220016,9.572602739726028,9.69465982770401,27
220017,8.794520547945206,8.612022409493305,20
220018,9.194520547945206,9.113897923915816,6
220019,9.114754098360656,9.113897923915816,16
220020,9.081967213114755,9.113897923915816,6
220021,9.092896174863387,9.113897923915816,18
221001,16.60821917808219,16.688862781251355,32
221002,15.402739726027397,15.693530276797809,32
221003,16.23013698630137,16.688862781251355,30
221004,15.520547945205479,15.693530276797809,29
221005,15.632876712328766,15.693530276797809,28
221006,18.29041095890411,17.97197012771691,31
221007,15.786301369863013,15.693530276797809,30
221008,16.6,16.688862781251355,30
221009,16.4027397260274,16.688862781251355,29
221010,19.057377049180328,17.97197012771691,30
221011,17.240437158469945,16.688862781251355,32
221012,15.53972602739726,15.693530276797809,31
221013,16.092896174863387,15.693530276797809,30
221014,15.772602739726027,15.693530276797809,30
221015,17.723287671232878,17.97197012771691,31
221016,15.98082191780822,15.693530276797809,25
221017,16.114754098360656,15.693530276797809,29
221018,16.512328767123286,16.688862781251355,29
221019,18.136612021857925,17.97197012771691,32
222023,8.33972602739726,8.016325347898842,19
222026,16.304109589041097,16.688862781251355,31
222028,10.76986301369863,11.024619867393564,27
223002,9.865753424657534,9.69465982770401,12
223005,9.824657534246576,9.69465982770401,26
223006,9.597260273972603,9.69465982770401,16
223007,10.2986301369863,10.37886228584443,29
223008,10.117486338797814,10.37886228584443,6
223009,11.93972602739726,11.689430024621958,9
223010,12.245901639344263,12.409892048232685,29
223011,12.413698630136986,12.409892048232685,28
223012,10.682191780821917,10.37886228584443,11
223013,10.682191780821917,10.37886228584443,26
223015,11.90958904109589,11.689430024621958,28
223016,11.747945205479452,11.689430024621958,20
223017,14.019125683060109,13.851552941438793,28
223018,14.441095890410958,14.82702781017509,25
223019,15.21311475409836,14.82702781017509,30
223020,14.95068493150685,14.82702781017509,25
223021,14.654794520547945,14.82702781017509,30
223022,8.613698630136986,8.612022409493305,2
223024,15.402739726027397,15.693530276797809,28
223027,17.03551912568306,16.688862781251355,37
223028,12.967123287671233,13.102321966384922,30
223029,8.597260273972603,8.612022409493305,18
223031,16.81095890410959,16.688862781251355,31
223032,18.378082191780823,17.97197012771691,32
223033,9.687671232876712,9.69465982770401,24
223034,14.128415300546449,13.851552941438793,30
223036,11.204918032786885,11.024619867393564,24
223037,8.553424657534247,8.612022409493305,12
223042,15.482191780821918,15.693530276797809,30
223047,14.12295081967213,13.851552941438793,32
223048,11.726027397260275,11.689430024621958,26
223049,10.024590163934427,9.69465982770401,12
223051,8.852054794520548,8.612022409493305,17
223052,17.706849315068492,17.97197012771691,33
223053,15.42896174863388,15.693530276797809,31
223054,13.526027397260274,13.851552941438793,27
223055,12.21311475409836,12.409892048232685,30
223056,10.838356164383562,11.024619867393564,16
223058,11.654794520547945,11.689430024621958,19
223061,18.49041095890411,17.97197012771691,30
223062,14.40983606557377,14.82702781017509,28
223063,12.898630136986302,13.102321966384922,28
223064,16.715068493150685,16.688862781251355,32
223065,15.262295081967213,14.82702781017509,30
223066,11.158469945355192,11.024619867393564,24
223067,9.873972602739727,9.69465982770401,15
223068,14.506849315068493,14.82702781017509,30
223069,11.736986301369862,11.689430024621958,24
223070,11.841095890410958,11.689430024621958,21
223071,8.278688524590164,8.016325347898842,8
223072,8.027322404371585,8.016325347898842,14
223073,10.046448087431694,10.37886228584443,15
223074,8.10655737704918,8.016325347898842,6
223075,13.259562841530055,13.102321966384922,25
225005,8.673972602739726,8.612022409493305,22
225006,9.67945205479452,9.69465982770401,28
225009,10.158469945355192,10.37886228584443,14
225010,13.238356164383562,13.102321966384922,32
226012,9.334246575342465,9.113897923915816,22
226013,8.98904109589041,9.113897923915816,21
226014,9.747945205479452,9.69465982770401,26
226015,9,9.113897923915816,15
226017,9.43013698630137,9.69465982770401,20
226020,14.191780821917808,13.851552941438793,26
226021,14.142465753424657,13.851552941438793,31
226022,13.789041095890411,13.851552941438793,29
226023,12.224657534246575,12.409892048232685,26
226024,12.797260273972602,13.102321966384922,25
226025,13.758904109589041,13.851552941438793,29
226026,10.580821917808219,10.37886228584443,28
226027,9.852054794520548,9.69465982770401,26
226028,9.745205479452055,9.69465982770401,14
226029,10,9.69465982770401,29
226030,10.72054794520548,10.37886228584443,19
226031,10.101092896174864,10.37886228584443,25
226032,9.131147540983607,9.113897923915816,21
226033,10.747945205479452,11.024619867393564,26
226034,10.827397260273973,11.024619867393564,23
226036,10.753424657534246,11.024619867393564,23
226037,10.438356164383562,10.37886228584443,26
226038,11.967123287671233,11.689430024621958,28
226039,9.915068493150685,9.69465982770401,13
226040,10.367123287671232,10.37886228584443,29
226041,10.128415300546449,10.37886228584443,30
226042,9.1775956284153,9.113897923915816,24
226043,9.051912568306012,9.113897923915816,30
226044,10.66027397260274,10.37886228584443,32
226045,8.36986301369863,8.612022409493305,7
226046,10.745205479452055,11.024619867393564,27
226047,9.068306010928962,9.113897923915816,8
226048,12.416438356164383,12.409892048232685,25
226049,12.416438356164383,12.409892048232685,28
226050,15.621917808219179,15.693530276797809,39
226051,15.254098360655737,14.82702781017509,34
227004,10.01639344262295,9.69465982770401,5
227005,10.843835616438357,11.024619867393564,24
227006,9.473972602739726,9.69465982770401,20
227007,12.251366120218579,12.409892048232685,31
227008,11.397260273972602,11.689430024621958,31
227010,11.794520547945206,11.689430024621958,35
227011,10.745205479452055,11.024619867393564,23
227016,16.188524590163933,16.688862781251355,28
227017,17.72876712328767,17.97197012771691,28
227020,13.427397260273972,13.102321966384922,22
227021,13.495890410958904,13.851552941438793,34
227026,14.687671232876712,14.82702781017509,29
228004,17.736986301369864,17.97197012771691,36
228006,18.671232876712327,17.97197012771691,36
228007,12.295890410958904,12.409892048232685,29
228009,18.136612021857925,17.97197012771691,34
228010,18.87123287671233,17.97197012771691,34
231038,13.180821917808219,13.102321966384922,27
231039,13.449315068493151,13.851552941438793,35
231043,14.616438356164384,14.82702781017509,32
231045,16.49041095890411,16.688862781251355,38
231046,16.284931506849315,16.688862781251355,43
231047,17.027322404371585,16.688862781251355,27
231049,20.081967213114755,17.97197012771691,39
231050,18.15573770491803,17.97197012771691,30
232001,12.002732240437158,11.689430024621958,26
232002,10.830136986301369,11.024619867393564,20
232008,10.58904109589041,10.37886228584443,28
232009,10.783561643835617,11.024619867393564,7
232010,17.958904109589042,17.97197012771691,39
232011,17.794520547945204,17.97197012771691,35
232012,15.405479452054795,15.693530276797809,35
232013,16.92054794520548,16.688862781251355,35
232014,12.860273972602739,13.102321966384922,27
232017,11.051912568306012,11.024619867393564,30
232018,17.66849315068493,17.97197012771691,41
232022,12.084699453551913,12.409892048232685,25
232023,9.594520547945205,9.69465982770401,9
232024,12.64109589041096,12.409892048232685,35
232027,9.347945205479451,9.113897923915816,17
232028,9.248633879781421,9.113897923915816,32
232029,10.515068493150684,10.37886228584443,29
232032,18.202185792349727,17.97197012771691,34
232050,17.953424657534246,17.97197012771691,33
232051,12.297814207650273,12.409892048232685,37
232052,10.349726775956285,10.37886228584443,31
232053,11.229508196721312,11.024619867393564,24
232058,17.079234972677597,16.688862781251355,31
232059,15.352459016393443,15.693530276797809,29
232060,17.802739726027397,17.97197012771691,40
232063,14.69041095890411,14.82702781017509,18
232064,13.494535519125684,13.851552941438793,27
232066,15.726027397260275,15.693530276797809,31
232067,14.084699453551913,13.851552941438793,30
232069,12.712328767123287,12.409892048232685,25
232071,17.92054794520548,17.97197012771691,30
232072,15.717808219178082,15.693530276797809,39
232073,15.605479452054794,15.693530276797809,33
232074,13.23224043715847,13.102321966384922,28
232075,9.1775956284153,9.113897923915816,14
234017,8.912328767123288,9.113897923915816,27
234018,8.482191780821918,8.612022409493305,10
234019,8.93972602739726,9.113897923915816,24
234020,8.983561643835616,9.113897923915816,16
234021,8.465753424657533,8.612022409493305,20
234037,9.745205479452055,9.69465982770401,30
234038,9.468493150684932,9.69465982770401,25
234039,10.030054644808743,9.69465982770401,7
234040,10.183060109289617,10.37886228584443,24
234041,11.101092896174864,11.024619867393564,25
234042,10.484931506849316,10.37886228584443,27
234043,11.452054794520548,11.689430024621958,29
234044,11.526027397260274,11.689430024621958,28
234047,12.542465753424658,12.409892048232685,24
234048,9.043715846994536,9.113897923915816,28
234049,8.824657534246576,8.612022409493305,10
234050,10.556164383561644,10.37886228584443,27
234051,11.490410958904109,11.689430024621958,29
235009,13.564383561643835,13.851552941438793,32
235010,11.216438356164383,11.024619867393564,19
235022,15.838356164383562,15.693530276797809,28
236001,6.901369863013699,6.96408127121249,6
236003,6.934246575342466,6.96408127121249,13
236005,7.605479452054794,8.016325347898842,7
236006,8.413698630136986,8.612022409493305,14
236007,8.632876712328766,8.612022409493305,28
236008,8.923287671232877,9.113897923915816,18
236010,8.882191780821918,9.113897923915816,12
236011,10.638356164383561,10.37886228584443,28
236012,10.438356164383562,10.37886228584443,29
236013,10.1448087431694,10.37886228584443,36
236016,11.372602739726027,11.024619867393564,33
236019,11.745205479452055,11.689430024621958,28
236022,12.986301369863014,13.102321966384922,25
236023,13.986301369863014,13.851552941438793,33
236026,15.536986301369863,15.693530276797809,36
236027,14.827397260273973,14.82702781017509,30
236029,13.002732240437158,13.102321966384922,36
236031,17.90958904109589,17.97197012771691,41
236041,9.827397260273973,9.69465982770401,32
236043,15.158469945355192,14.82702781017509,38
236044,8.2986301369863,8.016325347898842,23
236045,7.515068493150685,6.96408127121249,9
236047,6.956164383561644,6.96408127121249,7
236048,6.852054794520548,6.96408127121249,6
239001,18.52054794520548,17.97197012771691,38
239005,17.443835616438356,17.97197012771691,36
239007,15.073770491803279,14.82702781017509,34
239011,18.5972602739726,17.97197012771691,33
239012,17.375342465753423,17.97197012771691,32
239013,17.375342465753423,17.97197012771691,40
239016,13.495890410958904,13.851552941438793,32
239017,18.383561643835616,17.97197012771691,39
239019,9.865753424657534,9.69465982770401,26
239020,16.53150684931507,16.688862781251355,33
239021,7.185792349726776,6.96408127121249,4
239022,8.120218579234972,8.016325347898842,8
240004,11.07103825136612,11.024619867393564,32
240005,12.715068493150685,13.102321966384922,36
240006,9.237704918032787,9.113897923915816,27
240007,10.008196721311476,9.69465982770401,17
240008,6.8493150684931505,6.96408127121249,5
240009,8.383561643835616,8.612022409493305,8
240011,8.33972602739726,8.016325347898842,11
240013,14.772602739726027,14.82702781017509,30
240014,10.923287671232877,11.024619867393564,23
240015,12.684931506849315,12.409892048232685,31
240016,18.23224043715847,17.97197012771691,31
240025,7.1530054644808745,6.96408127121249,7
240026,8.415300546448087,8.612022409493305,6
240027,9.101092896174864,9.113897923915816,13
240028,7.631147540983607,8.016325347898842,25
240029,8.180327868852459,8.016325347898842,18
240030,8.191256830601093,8.016325347898842,16
240031,8.131147540983607,8.016325347898842,14
240032,7.806010928961749,8.016325347898842,26
240034,7.683060109289618,8.016325347898842,12
240035,8.37431693989071,8.612022409493305,7
241003,8.778082191780822,8.612022409493305,8
241008,9.243835616438357,9.113897923915816,12
241009,10.953424657534246,11.024619867393564,16
241012,10.312328767123288,10.37886228584443,20
241014,9.704109589041096,9.69465982770401,23
241015,13.008196721311476,13.102321966384922,32
241016,8.484931506849316,8.612022409493305,23
241017,10.246575342465754,10.37886228584443,32
241020,9.791780821917808,9.69465982770401,27
241022,9.745205479452055,9.69465982770401,21
241024,8.528767123287672,8.612022409493305,4
241028,8.35068493150685,8.016325347898842,20
243004,14.26027397260274,13.851552941438793,27
243005,10.079234972677595,10.37886228584443,12
243007,12.953424657534246,13.102321966384922,23
243008,11.419178082191781,11.689430024621958,23
243009,18.684931506849313,17.97197012771691,44
243010,11.70958904109589,11.689430024621958,13
243011,16.038251366120218,15.693530276797809,41
243012,14.893150684931507,14.82702781017509,6
243013,15.416438356164383,15.693530276797809,30
243014,12.391780821917807,12.409892048232685,23
243017,18.926027397260274,17.97197012771691,30
243019,16.953424657534246,16.688862781251355,40
243023,11.300546448087431,11.024619867393564,33
243024,10.426229508196721,10.37886228584443,26
243025,16.44109589041096,16.688862781251355,30
243027,15.468493150684932,15.693530276797809,37
243028,15.934246575342465,15.693530276797809,40
243029,8.049180327868852,8.016325347898842,6
243030,8.043715846994536,8.016325347898842,5
243031,17.565573770491802,17.97197012771691,36
243032,8.72054794520548,8.612022409493305,5
243033,13.824657534246576,13.851552941438793,20
244005,7.065573770491803,6.96408127121249,7
244006,6.808219178082192,6.96408127121249,2
244016,9.191256830601093,9.113897923915816,12
244018,10.084699453551913,10.37886228584443,23
244024,11.449315068493151,11.689430024621958,21
244028,12.860273972602739,13.102321966384922,26
244034,13.131147540983607,13.102321966384922,22
244035,13.166666666666666,13.102321966384922,13
244036,13.495890410958904,13.851552941438793,18
244037,13.58904109589041,13.851552941438793,27
244038,12.63013698630137,12.409892048232685,26
244040,12.575342465753424,12.409892048232685,20
244041,13.295890410958904,13.102321966384922,22
244042,13.616438356164384,13.851552941438793,26
244043,13.558904109589042,13.851552941438793,27
244045,13.468493150684932,13.851552941438793,21
244046,13.128415300546449,13.102321966384922,29
246001,10.791780821917808,11.024619867393564,26
246002,12.627397260273973,12.409892048232685,32
246003,12.583561643835617,12.409892048232685,32
246004,14.791780821917808,14.82702781017509,27
246005,16.323287671232876,16.688862781251355,38
246006,12.12295081967213,12.409892048232685,36
246007,9.904109589041095,9.69465982770401,30
246008,7.978082191780822,8.016325347898842,27
246009,8.827397260273973,8.612022409493305,28
246010,15.657534246575342,15.693530276797809,22
246011,13.262295081967213,13.102321966384922,13
246012,6.158469945355192,6.96408127121249,3
246013,9.024590163934427,9.113897923915816,29
246015,14.05464480874317,13.851552941438793,30
246017,18.275956284153004,17.97197012771691,29
246018,13.439890710382514,13.102321966384922,25
246019,12.521857923497269,12.409892048232685,30
246020,13.756164383561643,13.851552941438793,32
246021,8.758904109589041,8.612022409493305,11
248001,7.534246575342466,6.96408127121249,2
248004,7.4082191780821915,6.96408127121249,2
248005,8.079234972677595,8.016325347898842,4
248006,9.884931506849314,9.69465982770401,27
248007,9.030054644808743,9.113897923915816,25
248008,7.682191780821918,8.016325347898842,5
248012,10.843835616438357,11.024619867393564,24
248013,13.087431693989071,13.102321966384922,28
248014,12.978082191780821,13.102321966384922,30
248016,18.397260273972602,17.97197012771691,40
248017,17.383561643835616,17.97197012771691,20
248023,14.591780821917808,14.82702781017509,40
248024,17.25409836065574,16.688862781251355,39
248025,12.564383561643835,12.409892048232685,30
248030,15.476712328767123,15.693530276797809,32
248031,17.008196721311474,16.688862781251355,35
248033,15.292349726775956,15.693530276797809,36
248034,13.26775956284153,13.102321966384922,32
248035,15.311475409836065,15.693530276797809,31
248036,8.726027397260275,8.612022409493305,15
248037,17.31967213114754,17.97197012771691,32
248039,14.978082191780821,14.82702781017509,31
248040,11.379781420765028,11.689430024621958,29
248041,11.03551912568306,11.024619867393564,28
248042,12.188524590163935,12.409892048232685,28
248043,8.352459016393443,8.016325347898842,19
248045,10.319672131147541,10.37886228584443,5
248046,8.71311475409836,8.612022409493305,13
248047,14.153005464480874,13.851552941438793,32
248048,16.450819672131146,16.688862781251355,26
248049,11.762295081967213,11.689430024621958,31
248050,15.01095890410959,14.82702781017509,24
248051,16.950819672131146,16.688862781251355,35
248053,12.109289617486338,12.409892048232685,18
249006,11.33972602739726,11.024619867393564,6
249014,10.128415300546449,10.37886228584443,20
249015,15.002739726027396,14.82702781017509,33
249017,14.852459016393443,14.82702781017509,22
249018,11.528767123287672,11.689430024621958,24
249019,7.16986301369863,6.96408127121249,5
249021,6.956284153005464,6.96408127121249,1
249023,13.312328767123288,13.102321966384922,27
249024,9.147945205479452,9.113897923915816,7
251002,14.389041095890411,14.82702781017509,32
251006,8.608219178082193,8.612022409493305,25
252001,9.12295081967213,9.113897923915816,5
252002,11.043715846994536,11.024619867393564,15
252010,10.367123287671232,10.37886228584443,24
252019,16.367123287671234,16.688862781251355,35
253001,7.986301369863014,8.016325347898842,11
253002,6.315068493150685,6.96408127121249,3
253003,12.397260273972602,12.409892048232685,29
253004,9.786301369863013,9.69465982770401,25
253005,9.38082191780822,9.69465982770401,28
253006,7.306849315068493,6.96408127121249,11
253008,6.989041095890411,6.96408127121249,14
253009,7.199453551912568,6.96408127121249,8
253010,12.69041095890411,12.409892048232685,25
253011,12.90958904109589,13.102321966384922,27
253012,10.805479452054794,11.024619867393564,29
253013,11.490410958904109,11.689430024621958,13
253014,16.19945355191257,16.688862781251355,32
253015,10.23224043715847,10.37886228584443,30
253016,8.12568306010929,8.016325347898842,25
253017,6.394520547945206,6.96408127121249,13
253018,13.26775956284153,13.102321966384922,23
253019,13.819178082191781,13.851552941438793,32
253020,12.256830601092895,12.409892048232685,33
253021,8.402739726027397,8.612022409493305,12
253022,13.745205479452055,13.851552941438793,13
253023,8.021857923497267,8.016325347898842,19
253024,12.240437158469945,12.409892048232685,27
253025,15.394520547945206,15.693530276797809,30
253026,8.098360655737705,8.016325347898842,17
253027,11.695890410958905,11.689430024621958,28
253028,10.794520547945206,11.024619867393564,22
253029,9.87945205479452,9.69465982770401,19
253030,13.221311475409836,13.102321966384922,22
253031,8.846575342465753,8.612022409493305,15
253033,7.465753424657534,6.96408127121249,5
253034,9.027322404371585,9.113897923915816,12
253035,13.756164383561643,13.851552941438793,33
253036,7.468493150684932,6.96408127121249,7
253037,11.728767123287671,11.689430024621958,30
253038,12.16120218579235,12.409892048232685,35
253039,7.027322404371585,6.96408127121249,3
253040,8.43013698630137,8.612022409493305,13
253041,7.567123287671233,6.96408127121249,13
253042,15.21584699453552,14.82702781017509,32
253043,12.245901639344263,12.409892048232685,19
253044,8.978082191780821,9.113897923915816,8
253045,16.805479452054794,16.688862781251355,34
253046,11.28415300546448,11.024619867393564,27
253047,8.256830601092895,8.016325347898842,4
253048,13.234972677595628,13.102321966384922,32
253049,14.936986301369863,14.82702781017509,34
253050,7.054644808743169,6.96408127121249,5
254001,7.306849315068493,6.96408127121249,22
254002,7.602739726027397,8.016325347898842,5
254003,7.728767123287671,8.016325347898842,13
254004,7.758904109589041,8.016325347898842,12
254005,6.975342465753425,6.96408127121249,7
254008,8.237704918032787,8.016325347898842,18
254009,8.12568306010929,8.016325347898842,28
254011,9.747945205479452,9.69465982770401,30
254013,8.832876712328767,8.612022409493305,23
254017,10.336986301369864,10.37886228584443,27
254019,11.062841530054644,11.024619867393564,31
254020,10.863013698630137,11.024619867393564,31
254021,11.128415300546449,11.024619867393564,28
254023,17.43013698630137,17.97197012771691,31
254024,13.646575342465754,13.851552941438793,18
254025,14.153005464480874,13.851552941438793,31
255001,10.467213114754099,10.37886228584443,21
255003,8,8.016325347898842,21
255004,11.221917808219178,11.024619867393564,33
255005,15.942465753424658,15.693530276797809,35
255006,12.608219178082193,12.409892048232685,34
255007,15.457534246575342,15.693530276797809,35
255010,11.69041095890411,11.689430024621958,28
255012,8.482191780821918,8.612022409493305,26
255013,11.040983606557377,11.024619867393564,28
255014,8.432876712328767,8.612022409493305,25
256002,9.789041095890411,9.69465982770401,27
256003,14.997260273972604,14.82702781017509,38
256005,13.621917808219179,13.851552941438793,27
256006,7.772602739726027,8.016325347898842,8
256007,11.501369863013698,11.689430024621958,27
256008,14.72054794520548,14.82702781017509,31
256009,8.1775956284153,8.016325347898842,24
256011,9.346994535519126,9.113897923915816,25
256013,17.90684931506849,17.97197012771691,37
256015,14.372602739726027,14.82702781017509,36
256017,14.273224043715848,13.851552941438793,34
256020,16.193989071038253,16.688862781251355,34
256021,12.465753424657533,12.409892048232685,29
256022,13.936986301369863,13.851552941438793,26
256023,14.180327868852459,13.851552941438793,32
256024,16.8,16.688862781251355,36
256025,12.245901639344263,12.409892048232685,35
256026,8.476712328767123,8.612022409493305,26
256027,9.493150684931507,9.69465982770401,29
256028,10.076502732240437,10.37886228584443,31
256029,11.871232876712329,11.689430024621958,29
256031,18.427397260273974,17.97197012771691,34
256032,14.487671232876712,14.82702781017509,36
256033,10.854794520547944,11.024619867393564,29
256035,10.443835616438356,10.37886228584443,30
256037,8.443835616438356,8.612022409493305,19
256038,16.843835616438355,16.688862781251355,31
256039,11.515068493150684,11.689430024621958,26
256040,9.297814207650273,9.113897923915816,26
256041,12.841095890410958,13.102321966384922,34
256042,15.98904109589041,15.693530276797809,42
256043,18.193989071038253,17.97197012771691,41
256044,12.668493150684931,12.409892048232685,36
256045,7.073770491803279,6.96408127121249,4
256048,13.273224043715848,13.102321966384922,30
256050,10.46448087431694,10.37886228584443,12
257023,9.21584699453552,9.113897923915816,29
257024,9.564383561643835,9.69465982770401,15
257025,8.92054794520548,9.113897923915816,11
257032,9.561643835616438,9.69465982770401,23
258007,17.764383561643836,17.97197012771691,30
258019,17.12295081967213,16.688862781251355,28
258032,8.325136612021858,8.016325347898842,9
258033,11.062841530054644,11.024619867393564,30
259010,6.901369863013699,6.96408127121249,25
259015,9.076502732240437,9.113897923915816,27
259016,15.558904109589042,15.693530276797809,31
259017,11.262295081967213,11.024619867393564,29
259018,9.095628415300546,9.113897923915816,9
259019,8.857534246575343,8.612022409493305,20
259020,8.857534246575343,8.612022409493305,21
259021,16.24863387978142,16.688862781251355,29
259022,17.306010928961747,16.688862781251355,39
259024,18.715068493150685,17.97197012771691,38
259025,9.643835616438356,9.69465982770401,7
259030,9.128415300546449,9.113897923915816,26
259032,13.265027322404372,13.102321966384922,30
259033,6.325136612021858,6.96408127121249,11
259036,6.723287671232876,6.96408127121249,13
259037,7.2896174863387975,6.96408127121249,1
259038,11.632876712328766,11.689430024621958,5
259039,10.775342465753425,11.024619867393564,21
259040,13.810958904109588,13.851552941438793,29
259041,13.03825136612022,13.102321966384922,28
259042,9.580821917808219,9.69465982770401,30
259043,14.783561643835617,14.82702781017509,19
259044,9.761643835616438,9.69465982770401,14
259046,9.229508196721312,9.113897923915816,14
259047,7.14207650273224,6.96408127121249,6
259048,11.531506849315068,11.689430024621958,5
259049,6.67945205479452,6.96408127121249,22
259050,6.281420765027322,6.96408127121249,1
260001,11.473972602739726,11.689430024621958,26
260002,8.010928961748634,8.016325347898842,20
260003,9.70958904109589,9.69465982770401,23
260005,7.092896174863388,6.96408127121249,10
260007,7.934246575342466,8.016325347898842,4
260009,9.427397260273972,9.69465982770401,19
260016,8.013661202185792,8.016325347898842,6
260017,7.980821917808219,8.016325347898842,23
261001,9.728767123287671,9.69465982770401,26
261002,8.775342465753425,8.612022409493305,29
261003,6.155737704918033,6.96408127121249,1
261004,18.21311475409836,17.97197012771691,34
261006,8.67123287671233,8.612022409493305,24
261007,8.761643835616438,8.612022409493305,11
261008,8.013661202185792,8.016325347898842,19
261009,8.501369863013698,8.612022409493305,10
261010,8.816438356164383,8.612022409493305,15
261011,13.849315068493151,13.851552941438793,31
261012,12.778082191780822,13.102321966384922,24
261013,10.786301369863013,11.024619867393564,25
261014,14.150273224043715,13.851552941438793,31
261015,18.19125683060109,17.97197012771691,38
261017,8.756164383561643,8.612022409493305,3
261018,16.613698630136987,16.688862781251355,30
261019,12.6,12.409892048232685,27
261020,15.838356164383562,15.693530276797809,33
261021,17.58082191780822,17.97197012771691,39
261022,11.05464480874317,11.024619867393564,25
261023,11.726027397260275,11.689430024621958,25
261024,11.43013698630137,11.689430024621958,27
261025,11.43013698630137,11.689430024621958,28
261026,14.391780821917807,14.82702781017509,31
261027,6.69041095890411,6.96408127121249,3
261028,9.09016393442623,9.113897923915816,24
261029,15.12295081967213,14.82702781017509,33
261030,11.824657534246576,11.689430024621958,31
261033,12.479452054794521,12.409892048232685,21
261035,16.389041095890413,16.688862781251355,31
261036,11.103825136612022,11.024619867393564,31
261037,9.073770491803279,9.113897923915816,7
261039,11.70958904109589,11.689430024621958,29
261040,13.726027397260275,13.851552941438793,34
261041,15.816438356164383,15.693530276797809,38
261042,11.1448087431694,11.024619867393564,23
261043,17.73972602739726,17.97197012771691,35
261044,12.180327868852459,12.409892048232685,23
261045,11.6,11.689430024621958,23
261046,6.635616438356164,6.96408127121249,2
261047,13.16120218579235,13.102321966384922,29
261048,12.040983606557377,11.689430024621958,30
261049,12.556164383561644,12.409892048232685,22
262004,6.040983606557377,6.96408127121249,11
262008,6.550684931506849,6.96408127121249,4
262009,7.66027397260274,8.016325347898842,5
262010,9.693150684931506,9.69465982770401,31
262011,11.753424657534246,11.689430024621958,32
262012,13.191256830601093,13.102321966384922,30
262013,12.019125683060109,11.689430024621958,19
262014,6.652054794520548,6.96408127121249,3
262015,9.934246575342465,9.69465982770401,7
262016,8.35890410958904,8.612022409493305,3
262021,14.087431693989071,13.851552941438793,30
262022,12.394520547945206,12.409892048232685,30
262024,9.405479452054795,9.69465982770401,13
262025,11.226775956284152,11.024619867393564,30
262035,9.191256830601093,9.113897923915816,28
262036,10.26775956284153,10.37886228584443,34
262042,8.997260273972604,9.113897923915816,7
262046,13.682191780821917,13.851552941438793,27
262048,8.608219178082193,8.612022409493305,4
262052,9.854794520547944,9.69465982770401,14
262059,9.169398907103826,9.113897923915816,18
262064,10.16120218579235,10.37886228584443,22
262070,13.133879781420765,13.102321966384922,31
262072,8.112021857923498,8.016325347898842,25
262073,8.882191780821918,9.113897923915816,19
262074,9.780821917808218,9.69465982770401,29
263001,15.237704918032787,14.82702781017509,30
263002,17.586301369863016,17.97197012771691,30
263003,17.09016393442623,16.688862781251355,21
263004,17.150273224043715,16.688862781251355,26
263005,17.188524590163933,16.688862781251355,28
263006,16.838356164383562,16.688862781251355,22
263007,16.673972602739727,16.688862781251355,19
264002,18.19672131147541,17.97197012771691,38
264003,15.810958904109588,15.693530276797809,34
264007,14.904109589041095,14.82702781017509,26
264012,7.8,8.016325347898842,6
264027,12.495890410958904,12.409892048232685,31
264037,14.03825136612022,13.851552941438793,30
264045,16.60821917808219,16.688862781251355,32
264047,9.863013698630137,9.69465982770401,2
264048,13.517808219178082,13.851552941438793,30
265001,12.624657534246575,12.409892048232685,24
265002,12.386301369863014,12.409892048232685,26
265003,12.616438356164384,12.409892048232685,23
265004,13.704109589041096,13.851552941438793,30
265005,11.917808219178083,11.689430024621958,28
265006,11.926027397260274,11.689430024621958,28
265007,12.904109589041095,13.102321966384922,30
265008,12.912328767123288,13.102321966384922,33
265009,11.4,11.689430024621958,31
265010,11.887671232876713,11.689430024621958,32
265011,14.745205479452055,14.82702781017509,30
265012,7.802739726027397,8.016325347898842,26
265013,12.673972602739726,12.409892048232685,32
265014,9.013661202185792,9.113897923915816,16
265015,7.389041095890411,6.96408127121249,6
265016,8.468493150684932,8.612022409493305,6
265017,14.36986301369863,13.851552941438793,15
265018,11.42896174863388,11.689430024621958,32
265019,6.487671232876712,6.96408127121249,6
265020,10.93972602739726,11.024619867393564,22
265021,16.079234972677597,15.693530276797809,33
266003,8.421917808219177,8.612022409493305,8
266004,7.501369863013698,6.96408127121249,20
266005,9.33972602739726,9.113897923915816,7
266006,15.495890410958904,15.693530276797809,28
266008,17.942465753424656,17.97197012771691,32
266009,12.427397260273972,12.409892048232685,28
266010,16.145205479452056,15.693530276797809,29
266011,16.304109589041097,16.688862781251355,30
266012,15.424657534246576,15.693530276797809,31
266013,8.397260273972602,8.612022409493305,13
266014,16.975342465753425,16.688862781251355,44
266015,7.734246575342466,8.016325347898842,3
266016,8.550684931506849,8.612022409493305,14
266017,7.8054794520547945,8.016325347898842,6
266019,8.819178082191781,8.612022409493305,13
267001,15.863013698630137,15.693530276797809,38
267002,15.789041095890411,15.693530276797809,36
267003,11.169398907103826,11.024619867393564,24
267004,12.174863387978142,12.409892048232685,30
267005,14.632876712328766,14.82702781017509,38
267006,14.69041095890411,14.82702781017509,33
267007,14.512328767123288,14.82702781017509,34
267008,11.972602739726028,11.689430024621958,24
267009,12.745205479452055,13.102321966384922,33
267010,15.396174863387978,15.693530276797809,33
267011,15.281420765027322,14.82702781017509,20
267012,16.26775956284153,16.688862781251355,13
267014,14.95068493150685,14.82702781017509,38
267016,14.621917808219179,14.82702781017509,28
267017,17.281420765027324,16.688862781251355,34
267018,13.426229508196721,13.102321966384922,32
267019,15.300546448087431,15.693530276797809,38
267020,12.956164383561644,13.102321966384922,33
267021,14.05464480874317,13.851552941438793,34
267022,16.09016393442623,15.693530276797809,25
267023,15.03825136612022,14.82702781017509,31
267024,11.78415300546448,11.689430024621958,31
268006,6.934246575342466,6.96408127121249,14
268007,12.652054794520549,12.409892048232685,26
268008,16.747945205479454,16.688862781251355,27
269002,11.753424657534246,11.689430024621958,32
269003,14.16120218579235,13.851552941438793,29
269004,16.215846994535518,16.688862781251355,33
269005,13.610958904109589,13.851552941438793,30
269007,17.016393442622952,16.688862781251355,40
269008,11.482191780821918,11.689430024621958,29
269009,12.904109589041095,13.102321966384922,27
271001,7.6219178082191785,8.016325347898842,1
271002,12.523287671232877,12.409892048232685,33
271003,12.147540983606557,12.409892048232685,28
271004,12.58904109589041,12.409892048232685,25
271005,11.92876712328767,11.689430024621958,25
271006,13.040983606557377,13.102321966384922,34
271007,14.013661202185792,13.851552941438793,30
271008,14.67945205479452,14.82702781017509,37
271009,15.21311475409836,14.82702781017509,7
271010,17.923287671232877,17.97197012771691,41
271011,13.534246575342467,13.851552941438793,40
271015,13.676712328767124,13.851552941438793,40
301001,8.180327868852459,8.016325347898842,19
302009,9.166666666666666,9.113897923915816,6
302010,8.10655737704918,8.016325347898842,18
302012,9.19672131147541,9.113897923915816,17
302015,10.133879781420765,10.37886228584443,13
302016,11.103825136612022,11.024619867393564,25
302017,10.273224043715848,10.37886228584443,26
302019,11.330601092896174,11.024619867393564,28
302022,11.830136986301369,11.689430024621958,33
302023,11.830136986301369,11.689430024621958,35
302024,11.37431693989071,11.689430024621958,21
302025,12.281420765027322,12.409892048232685,30
302026,12.64931506849315,12.409892048232685,29
302028,14.270491803278688,13.851552941438793,32
302029,16.473972602739725,16.688862781251355,13
302031,14.956164383561644,14.82702781017509,31
302033,16.459016393442624,16.688862781251355,37
305001,8.032786885245901,8.016325347898842,25
305002,16.128415300546447,15.693530276797809,35
305003,10.353424657534246,10.37886228584443,28
305004,8.597260273972603,8.612022409493305,18
305006,10.789041095890411,11.024619867393564,33
305007,15.917808219178083,15.693530276797809,32
305008,13.857534246575343,13.851552941438793,26
305009,11.479452054794521,11.689430024621958,9
305010,11.523287671232877,11.689430024621958,23
305012,9.254098360655737,9.113897923915816,25
305013,8.1775956284153,8.016325347898842,7
305016,16.26775956284153,16.688862781251355,39
305017,12.259562841530055,12.409892048232685,14
305018,9.832876712328767,9.69465982770401,31
305021,15.676712328767124,15.693530276797809,33
305023,9.605479452054794,9.69465982770401,29
305024,15.095628415300546,14.82702781017509,32
305025,10.308743169398907,10.37886228584443,40
305027,9.53972602739726,9.69465982770401,24
305028,12.484931506849316,12.409892048232685,33
305029,12.484931506849316,12.409892048232685,35
307001,7.863013698630137,8.016325347898842,12
307002,7.229508196721311,6.96408127121249,4
307003,7.1256830601092895,6.96408127121249,4
307004,6.96986301369863,6.96408127121249,3
307005,11.657534246575342,11.689430024621958,25
307006,11.120218579234972,11.024619867393564,18
307007,12.193989071038251,12.409892048232685,40
307008,9.437158469945356,9.69465982770401,24
307009,12.39344262295082,12.409892048232685,31
307010,12.64109589041096,12.409892048232685,31
307011,12.789041095890411,13.102321966384922,30
307012,13.90958904109589,13.851552941438793,31
307013,13.44535519125683,13.102321966384922,31
307014,13.610958904109589,13.851552941438793,31
307015,9.578082191780823,9.69465982770401,21
307016,16.183060109289617,16.688862781251355,32
307017,12.581967213114755,12.409892048232685,30
309001,10.390710382513662,10.37886228584443,28
309003,15.10655737704918,14.82702781017509,23
309005,11.136612021857923,11.024619867393564,25
309006,12.786301369863013,13.102321966384922,33
309007,13.42896174863388,13.102321966384922,34
309009,11.572602739726028,11.689430024621958,31
309010,11.797260273972602,11.689430024621958,25
309011,17.226775956284154,16.688862781251355,32
309012,16.731506849315068,16.688862781251355,31
309013,13.673972602739726,13.851552941438793,29
309017,10.448087431693988,10.37886228584443,41
309018,16.10928961748634,15.693530276797809,36
309019,13.275956284153006,13.102321966384922,31
309020,9.33879781420765,9.113897923915816,29
309022,16.572602739726026,16.688862781251355,37
309023,16.536986301369865,16.688862781251355,37
309024,9.578082191780823,9.69465982770401,25
309025,9.21584699453552,9.113897923915816,22
309027,7.838356164383562,8.016325347898842,9
309028,17.439890710382514,17.97197012771691,37
309030,14.226775956284152,13.851552941438793,41
309031,12.934246575342465,13.102321966384922,22
309032,11.153005464480874,11.024619867393564,30
309034,8.3551912568306,8.612022409493305,18
309037,17.572602739726026,17.97197012771691,37
309038,16.504109589041096,16.688862781251355,35
309040,14.758904109589041,14.82702781017509,30
309041,11,11.024619867393564,34
309042,11.39344262295082,11.689430024621958,26
309044,10.112021857923498,10.37886228584443,31
309045,11.379781420765028,11.689430024621958,29
309046,13.797260273972602,13.851552941438793,32
309047,15.528767123287672,15.693530276797809,41
309048,15.673972602739726,15.693530276797809,32
309049,14.695890410958905,14.82702781017509,39
310001,8.478142076502731,8.612022409493305,18
310002,8.556164383561644,8.612022409493305,16
310003,8.972602739726028,9.113897923915816,7
310004,8.48360655737705,8.612022409493305,20
310006,8.643835616438356,8.612022409493305,23
313002,9.248633879781421,9.113897923915816,5
313004,9.147540983606557,9.113897923915816,11
313005,17.543715846994537,17.97197012771691,30
313006,11.95068493150685,11.689430024621958,24
313008,9.633879781420765,9.69465982770401,24
313009,13.510928961748634,13.851552941438793,31
313010,16.183060109289617,16.688862781251355,8
313011,10.540983606557377,10.37886228584443,20
313012,15.57103825136612,15.693530276797809,28
313013,8.904109589041095,9.113897923915816,7
313014,12.887671232876713,13.102321966384922,7
313015,14.396174863387978,14.82702781017509,30
313016,13.314207650273223,13.102321966384922,24
313017,10.456284153005464,10.37886228584443,6
313020,10.240437158469945,10.37886228584443,1
313026,15.521857923497269,15.693530276797809,30
314003,11.379781420765028,11.689430024621958,30
314005,13.366120218579235,13.102321966384922,26
314006,13.349726775956285,13.102321966384922,31
314011,11.065573770491802,11.024619867393564,27
314013,12.71584699453552,13.102321966384922,27
314015,12.084699453551913,12.409892048232685,30
315007,10.740437158469945,10.37886228584443,28
316002,9.6775956284153,9.69465982770401,25
316005,11.109289617486338,11.024619867393564,32
316006,13.854794520547944,13.851552941438793,37
316007,15.42896174863388,15.693530276797809,37
316010,15.158469945355192,14.82702781017509,29
316011,9.876712328767123,9.69465982770401,21
316012,16.75136612021858,16.688862781251355,38
316013,13.193989071038251,13.102321966384922,32
316014,12.78415300546448,13.102321966384922,31
317001,15.079234972677595,14.82702781017509,32
317002,9.259562841530055,9.113897923915816,13
317003,10.93972602739726,11.024619867393564,26
317004,12.647540983606557,12.409892048232685,8
317006,9.871232876712329,9.69465982770401,5
317007,8.551912568306012,8.612022409493305,7
317009,8.816939890710383,8.612022409493305,29
317010,12.628415300546449,12.409892048232685,26
317013,16.628415300546447,16.688862781251355,36
317014,13.319672131147541,13.102321966384922,31
317015,9.789617486338798,9.69465982770401,24
318002,10.636612021857923,10.37886228584443,21
318003,13.753424657534246,13.851552941438793,25
318004,12.876712328767123,13.102321966384922,24
318008,16.027322404371585,15.693530276797809,25
318009,9.647540983606557,9.69465982770401,23
318014,8.967123287671233,9.113897923915816,25
318016,12.390710382513662,12.409892048232685,32
319002,8.341530054644808,8.016325347898842,26
319003,8.475409836065573,8.612022409493305,15
319004,9.46174863387978,9.69465982770401,19
319005,9.469945355191257,9.69465982770401,23
319006,11.128415300546449,11.024619867393564,5
319007,14.469945355191257,14.82702781017509,29
319008,16.724043715846996,16.688862781251355,29
319010,11.420765027322405,11.689430024621958,35
321001,9.049180327868852,9.113897923915816,20
321002,14.53825136612022,14.82702781017509,34
321003,15.786301369863013,15.693530276797809,34
321004,16.991780821917807,16.688862781251355,29
321005,9.843835616438357,9.69465982770401,26
321006,14.852054794520548,14.82702781017509,30
321007,8.655737704918034,8.612022409493305,30
321008,10.117486338797814,10.37886228584443,25
321009,9.472677595628415,9.69465982770401,30
321010,15.23224043715847,14.82702781017509,35
321011,13.349726775956285,13.102321966384922,32
321013,15.218579234972678,14.82702781017509,34
321014,16.475409836065573,16.688862781251355,31
321015,8.21311475409836,8.016325347898842,11
323001,9.387978142076502,9.69465982770401,9
323002,10.961643835616439,11.024619867393564,6
323004,10.639344262295083,10.37886228584443,20
323007,12.327868852459016,12.409892048232685,15
323008,9.666666666666666,9.69465982770401,17
323013,10.598360655737705,10.37886228584443,21
323014,11.185792349726777,11.024619867393564,20
323015,12.142076502732241,12.409892048232685,17
323016,10.609289617486338,10.37886228584443,29
325002,12.527322404371585,12.409892048232685,18
325004,8.631147540983607,8.612022409493305,14
325009,8.773224043715848,8.612022409493305,5
325011,8.937158469945356,9.113897923915816,26
325013,12,11.689430024621958,21
325014,11.390710382513662,11.689430024621958,18
325015,8.672131147540984,8.612022409493305,12
325016,9.956164383561644,9.69465982770401,21
325018,11.546448087431694,11.689430024621958,1
326001,11.59016393442623,11.689430024621958,5
326002,10.065573770491802,10.37886228584443,1
326003,8.53551912568306,8.612022409493305,9
326004,8.775956284153006,8.612022409493305,8
326005,13.530054644808743,13.851552941438793,34
326008,10.357923497267759,10.37886228584443,29
326011,8.103825136612022,8.016325347898842,2
326021,7.426229508196721,6.96408127121249,4
326028,7.806010928961749,8.016325347898842,11
326031,6.9289617486338795,6.96408127121249,1
327001,10.841095890410958,11.024619867393564,29
327002,13.89041095890411,13.851552941438793,23
327005,10.90958904109589,11.024619867393564,21
327008,8.44535519125683,8.612022409493305,6
327009,12.527322404371585,12.409892048232685,16
327010,9.150273224043715,9.113897923915816,6
327011,11.341530054644808,11.024619867393564,7
327012,10.30327868852459,10.37886228584443,12
327014,9.28688524590164,9.113897923915816,25
327015,9.057377049180328,9.113897923915816,3
327016,8.5,8.612022409493305,15
327017,8.579234972677595,8.612022409493305,8
327018,9.349726775956285,9.113897923915816,5
327019,9.333333333333334,9.113897923915816,26
327020,8.59016393442623,8.612022409493305,19
327021,9.087431693989071,9.113897923915816,3
327022,9.191256830601093,9.113897923915816,1
327023,9.062841530054644,9.113897923915816,8
327026,10.96986301369863,11.024619867393564,31
327027,7.489071038251366,6.96408127121249,6
327028,8.434426229508198,8.612022409493305,4
327030,13.560109289617486,13.851552941438793,22
327031,11.224043715846994,11.024619867393564,17
327032,17.866120218579233,17.97197012771691,33
327034,8.240437158469945,8.016325347898842,26
327036,12.59016393442623,12.409892048232685,28
327037,14.275956284153006,13.851552941438793,29
327039,12.002732240437158,11.689430024621958,24
327040,16.221311475409838,16.688862781251355,32
327042,18.169398907103826,17.97197012771691,42
327043,14.770491803278688,14.82702781017509,33
327044,10.459016393442623,10.37886228584443,30
327045,10.497267759562842,10.37886228584443,22
327046,10.497267759562842,10.37886228584443,15
327047,8.98904109589041,9.113897923915816,4
327048,11.60655737704918,11.689430024621958,27
327049,15.942622950819672,15.693530276797809,33
327050,7.193989071038251,6.96408127121249,4
328010,12.53825136612022,12.409892048232685,25
328011,8.8224043715847,8.612022409493305,9
328012,8.412568306010929,8.612022409493305,14
329002,12.368852459016393,12.409892048232685,31
329003,12.683060109289617,12.409892048232685,29
329004,10.674863387978142,10.37886228584443,28
329006,16.057377049180328,15.693530276797809,31
329007,12.019125683060109,11.689430024621958,31
329008,14.371584699453551,14.82702781017509,30
329014,12.03551912568306,11.689430024621958,28
329017,12.631147540983607,12.409892048232685,22
329018,13.169398907103826,13.102321966384922,29
330001,12.734972677595628,13.102321966384922,29
330002,13.207650273224044,13.102321966384922,31
330003,9.991803278688524,9.69465982770401,15
330004,11.174863387978142,11.024619867393564,21
330006,11.005479452054795,11.024619867393564,20
330007,14.379781420765028,14.82702781017509,33
330008,9.379781420765028,9.69465982770401,20
330009,11.382513661202186,11.689430024621958,24
330010,8.032786885245901,8.016325347898842,17
330011,17.12568306010929,16.688862781251355,36
330012,10.28688524590164,10.37886228584443,25
330013,15.469945355191257,15.693530276797809,30
330014,15.491803278688524,15.693530276797809,32
331002,6.715846994535519,6.96408127121249,1
331003,8.319672131147541,8.016325347898842,6
331004,7.986301369863014,8.016325347898842,7
331005,9.166666666666666,9.113897923915816,29
331007,10.12295081967213,10.37886228584443,24
331008,9.89041095890411,9.69465982770401,29
331009,10.614754098360656,10.37886228584443,25
331011,12.281420765027322,12.409892048232685,16
331012,12.832876712328767,13.102321966384922,35
331013,13.371584699453551,13.102321966384922,25
331014,14.581967213114755,14.82702781017509,30
331015,15.062841530054644,14.82702781017509,29
331016,16.876712328767123,16.688862781251355,35
333008,10.139344262295081,10.37886228584443,7
333009,16.530054644808743,16.688862781251355,32
333012,10.778688524590164,11.024619867393564,28
336001,10.300546448087431,10.37886228584443,30
336002,10.295081967213115,10.37886228584443,27
336004,12.431693989071038,12.409892048232685,16
336005,12.300546448087431,12.409892048232685,27
336007,14.737704918032787,14.82702781017509,30
336008,14.502732240437158,14.82702781017509,31
336010,13.494535519125684,13.851552941438793,38
336011,15.6775956284153,15.693530276797809,36
336012,10.308743169398907,10.37886228584443,31
336013,13.155737704918034,13.102321966384922,29
336016,11.76775956284153,11.689430024621958,27
336017,13.8551912568306,13.851552941438793,31
338001,13.39344262295082,13.102321966384922,16
338009,8.704918032786885,8.612022409493305,12
338010,13.311475409836065,13.102321966384922,23
338011,7.639344262295082,8.016325347898842,6
338013,8.519125683060109,8.612022409493305,3
338014,11.306010928961749,11.024619867393564,6
338015,17.672131147540984,17.97197012771691,25
339001,7.030054644808743,6.96408127121249,7
339002,8.994520547945205,9.113897923915816,24
339003,12.819672131147541,13.102321966384922,27
339004,14.923497267759563,14.82702781017509,32
339005,10.904371584699454,11.024619867393564,30
339006,9.658469945355192,9.69465982770401,6
339007,7.9316939890710385,8.016325347898842,10
339009,9.027397260273972,9.113897923915816,22
342001,8.038356164383561,8.016325347898842,19
342002,14.06027397260274,13.851552941438793,31
342003,17.133879781420767,16.688862781251355,37
342006,16.953551912568305,16.688862781251355,29
342008,10.707650273224044,10.37886228584443,32
342009,10.068493150684931,10.37886228584443,17
342010,7.7076502732240435,8.016325347898842,24
342011,10.207650273224044,10.37886228584443,23
342012,12.147540983606557,12.409892048232685,26
342013,15.336065573770492,15.693530276797809,32
342015,11.16120218579235,11.024619867393564,23
342018,11.707650273224044,11.689430024621958,11
342019,13.39344262295082,13.102321966384922,14
342020,14.357923497267759,13.851552941438793,14
342021,8.3551912568306,8.612022409493305,5
342023,14.795081967213115,14.82702781017509,31
342024,16.60928961748634,16.688862781251355,32
342027,15.532786885245901,15.693530276797809,29
342028,11.849726775956285,11.689430024621958,24
342030,18.795081967213115,17.97197012771691,28
342031,17.669398907103826,17.97197012771691,28
342033,17.74863387978142,17.97197012771691,27
342034,13.426229508196721,13.102321966384922,23
342037,18.557377049180328,17.97197012771691,27
342038,17.4672131147541,17.97197012771691,37
342041,8.672131147540984,8.612022409493305,15
342045,13.489071038251366,13.851552941438793,36
342047,15.773224043715848,15.693530276797809,31
346002,7.775956284153006,8.016325347898842,2
346003,15.103825136612022,14.82702781017509,28
346004,12.188524590163935,12.409892048232685,33
346005,8.775956284153006,8.612022409493305,18
346006,8.21584699453552,8.016325347898842,3
346007,8.218579234972678,8.016325347898842,2
346008,6.5956284153005464,6.96408127121249,3
346011,17.65846994535519,17.97197012771691,35
346012,17.038251366120218,16.688862781251355,33
346014,8.314207650273223,8.016325347898842,5
346015,9.062841530054644,9.113897923915816,5
346017,8.10655737704918,8.016325347898842,5
348001,6.890410958904109,6.96408127121249,3
348007,6.5917808219178085,6.96408127121249,12
348008,7.142465753424657,6.96408127121249,14
348009,6.5917808219178085,6.96408127121249,11
348010,6.608219178082192,6.96408127121249,7
348011,6.884931506849315,6.96408127121249,8
348012,7.2164383561643834,6.96408127121249,9
348013,7.317808219178082,6.96408127121249,14
348014,6.994535519125683,6.96408127121249,5
348015,7.027397260273973,6.96408127121249,14
348016,6.975409836065574,6.96408127121249,13
348017,6.978082191780822,6.96408127121249,18
348018,6.8,6.96408127121249,9
348019,6.945205479452055,6.96408127121249,8
348020,7.257534246575342,6.96408127121249,12
349001,9.564383561643835,9.69465982770401,17
349002,18.50958904109589,17.97197012771691,19
353002,8.740437158469945,8.612022409493305,3
353003,8.3551912568306,8.612022409493305,10
353004,8.10958904109589,8.016325347898842,7
353005,10.37704918032787,10.37886228584443,19
353006,11.180821917808219,11.024619867393564,21
353007,13.357923497267759,13.102321966384922,32
353008,14.573770491803279,14.82702781017509,31
353009,14.808743169398907,14.82702781017509,32
353012,14.724043715846994,14.82702781017509,37
353013,15,14.82702781017509,36
353017,16.13972602739726,15.693530276797809,27
353018,17.636612021857925,17.97197012771691,30
354001,7.47945205479452,6.96408127121249,11
354002,7.614754098360656,8.016325347898842,8
354003,7.66027397260274,8.016325347898842,11
354004,7.691256830601093,8.016325347898842,8
354005,8.383561643835616,8.612022409493305,4
354006,8.602739726027398,8.612022409493305,21
354007,8.751366120218579,8.612022409493305,25
354008,9.46027397260274,9.69465982770401,22
354009,9.476712328767123,9.69465982770401,33
354010,9.172602739726027,9.113897923915816,23
354011,10.408219178082192,10.37886228584443,26
354012,10.547945205479452,10.37886228584443,23
354015,13.487671232876712,13.851552941438793,26
354016,13.484931506849316,13.851552941438793,42
354017,13.610958904109589,13.851552941438793,35
354018,13.638356164383561,13.851552941438793,27
354019,14.4,14.82702781017509,29
354020,15.495890410958904,15.693530276797809,29
354021,15.257534246575343,14.82702781017509,40
354022,15.331506849315069,15.693530276797809,29
354023,15.797814207650273,15.693530276797809,26
354024,15.737704918032787,15.693530276797809,35
354025,16.40821917808219,16.688862781251355,43
354026,16.26027397260274,16.688862781251355,33
354027,17.326027397260273,17.97197012771691,39
354028,17.257534246575343,16.688862781251355,26
354029,17.336986301369862,17.97197012771691,31
354030,17.463013698630135,17.97197012771691,28
354031,17.65753424657534,17.97197012771691,36
354032,17.572602739726026,17.97197012771691,33
354033,17.424657534246574,17.97197012771691,31
354034,18.115068493150684,17.97197012771691,29
354035,17.495890410958904,17.97197012771691,41
354037,9.740437158469945,9.69465982770401,30
354038,9.58904109589041,9.69465982770401,31
354039,11.238356164383562,11.024619867393564,29
360001,9.441095890410958,9.69465982770401,11
360002,10.326027397260274,10.37886228584443,14
360003,9.978142076502731,9.69465982770401,24
360004,10.73972602739726,10.37886228584443,20
360005,12.506849315068493,12.409892048232685,28
360006,10.638356164383561,10.37886228584443,23
360007,8.778082191780822,8.612022409493305,5
360008,9.136986301369863,9.113897923915816,19
360009,9.663013698630136,9.69465982770401,13
360010,9.054794520547945,9.113897923915816,14
360011,9.443835616438356,9.69465982770401,8
360012,8.032876712328767,8.016325347898842,2
360013,9.326027397260274,9.113897923915816,6
360014,8.002739726027396,8.016325347898842,8
360015,8.764383561643836,8.612022409493305,4
360017,10.816438356164383,11.024619867393564,18
360018,11.534246575342467,11.689430024621958,19
360019,7.082191780821918,6.96408127121249,1
360020,10.907103825136613,11.024619867393564,17
360023,11.827397260273973,11.689430024621958,19
360024,8.523287671232877,8.612022409493305,14
360026,9.616438356164384,9.69465982770401,15
360028,9.2986301369863,9.113897923915816,7
360029,8.252054794520548,8.016325347898842,7
360030,7.704109589041096,8.016325347898842,7
360031,9.468493150684932,9.69465982770401,9
360032,9.561643835616438,9.69465982770401,9
360033,11.756164383561643,11.689430024621958,22
360034,9.106849315068493,9.113897923915816,6
360035,7.164383561643835,6.96408127121249,3
360036,11.210958904109589,11.024619867393564,8
360037,10.904109589041095,11.024619867393564,9
360038,7.887671232876713,8.016325347898842,18
360040,11.032876712328767,11.024619867393564,12
360041,7.69041095890411,8.016325347898842,2
360042,6.6136986301369864,6.96408127121249,3
360043,8.643835616438356,8.612022409493305,5
360044,9.575342465753424,9.69465982770401,14
360045,8.745205479452055,8.612022409493305,5
360046,8.216438356164383,8.016325347898842,6
361001,8.676712328767124,8.612022409493305,14
361002,10.646575342465754,10.37886228584443,15
361003,8.756830601092895,8.612022409493305,4
361004,10.745205479452055,11.024619867393564,17
361005,11.646575342465754,11.689430024621958,21
361006,10.531506849315068,10.37886228584443,21
361007,9.904371584699454,9.69465982770401,4
361009,8.33972602739726,8.016325347898842,12
361013,12.07123287671233,12.409892048232685,26
361019,14.175342465753424,13.851552941438793,30
361020,13.06027397260274,13.102321966384922,30
361021,16.205479452054796,16.688862781251355,23
361023,15.652054794520549,15.693530276797809,29
361025,14.583561643835617,14.82702781017509,25
361026,15.246575342465754,14.82702781017509,24
361028,17.06027397260274,16.688862781251355,13
362001,15.73972602739726,15.693530276797809,28
362002,8.419178082191781,8.612022409493305,6
362003,7.676712328767123,8.016325347898842,5
362004,8.789041095890411,8.612022409493305,8
362005,11.761643835616438,11.689430024621958,12
362006,8.2,8.016325347898842,15
362007,13.454794520547946,13.851552941438793,29
362008,8.216438356164383,8.016325347898842,16
362010,8.408219178082192,8.612022409493305,4
363001,7.276712328767124,6.96408127121249,4
363002,7.205479452054795,6.96408127121249,7
363003,6.989041095890411,6.96408127121249,4
363004,7.1726027397260275,6.96408127121249,3
363005,6.624657534246575,6.96408127121249,4
363006,6.890410958904109,6.96408127121249,3
363007,6.810958904109589,6.96408127121249,7
363008,7.602739726027397,8.016325347898842,3
363009,7.090410958904109,6.96408127121249,3
401001,6.4520547945205475,6.96408127121249,6
401010,6.64931506849315,6.96408127121249,3
401011,6.863387978142076,6.96408127121249,5
401012,10.904371584699454,11.024619867393564,18
401013,6.558904109589041,6.96408127121249,18
401014,11.142465753424657,11.024619867393564,9
401015,7.136986301369863,6.96408127121249,5
401016,6.471232876712329,6.96408127121249,6
401017,6.723287671232876,6.96408127121249,2
401019,7.298630136986302,6.96408127121249,6
501001,12.306849315068494,12.409892048232685,24
501002,8.345205479452055,8.016325347898842,8
501003,8.345205479452055,8.016325347898842,5
501004,12.424657534246576,12.409892048232685,28
501006,13.873972602739727,13.851552941438793,29
501007,12.079234972677595,12.409892048232685,30
501008,14.060109289617486,13.851552941438793,27
501009,17.602739726027398,17.97197012771691,37
501012,9.191256830601093,9.113897923915816,30
501013,13.172131147540984,13.102321966384922,29
501014,12.438356164383562,12.409892048232685,25
501016,8.185792349726777,8.016325347898842,19
501018,14.70958904109589,14.82702781017509,36
501020,14.712328767123287,14.82702781017509,35
501021,14.19672131147541,13.851552941438793,26
501022,14.561643835616438,14.82702781017509,33
501023,14.550684931506849,14.82702781017509,35
501024,14.67123287671233,14.82702781017509,28
501027,8.572602739726028,8.612022409493305,33
501028,15.189041095890412,14.82702781017509,32
501029,15.183561643835617,14.82702781017509,26
