ID,admin_date,DOB,age_combined,GradeSemester,Gender,HighestEducation,Ethnicity,region,iws_sum,bln_sum,seg_sum
201021,4/10/19,8/5/10,8,8,1,3,1,3,23,16,19
201024,5/15/19,7/9/07,11,14,2,3,1,3,25,18,21
201027,4/10/19,3/9/04,15,20,2,2,1,3,32,23,20
202002,5/26/19,4/22/01,18,26,2,3,2,3,37,24,25
202003,5/26/19,8/27/01,17,26,1,2,2,3,36,25,19
202004,6/2/19,12/14/00,18,26,2,2,3,3,37,29,28
203006,6/22/19,2/19/09,10,10,1,4,3,2,18,20,19
203007,5/24/19,10/4/08,10,10,1,4,3,2,26,17,18
203008,6/6/19,4/17/08,11,12,1,3,3,2,12,16,23
203009,6/4/19,8/18/08,10,12,2,4,3,2,31,18,20
203010,6/25/19,4/8/08,11,13,1,4,3,2,28,17,17
203011,5/21/19,6/26/08,10,12,1,4,1,2,21,18,19
203012,6/7/19,3/8/08,11,12,1,4,7,2,28,16,26
203013,6/3/19,7/26/08,10,12,2,4,7,2,29,17,18
203015,6/25/19,10/19/06,12,15,1,4,3,2,28,21,19
203016,5/31/19,12/13/05,13,16,1,4,3,2,38,27,18
203017,5/20/19,12/19/03,15,20,2,3,3,2,30,22,22
203018,6/14/19,10/16/01,17,24,2,3,3,2,40,17,23
203028,8/4/19,2/28/08,11,13,1,3,3,2,19,14,19
204005,5/22/19,2/7/07,12,14,1,4,3,3,32,15,21
204013,6/25/19,11/2/07,11,12,2,3,7,3,32,17,21
204014,6/25/19,11/29/06,12,14,2,3,7,3,33,17,16
204017,6/21/19,7/5/05,13,18,1,2,7,3,33,18,18
205012,5/15/19,12/30/08,10,10,1,4,3,3,28,15,22
205016,6/1/19,2/24/06,13,16,2,4,3,3,32,22,24
205017,5/27/19,7/30/10,8,8,2,4,3,3,31,23,17
205020,5/25/19,6/28/06,12,16,2,4,2,3,32,20,19
205023,6/5/19,5/13/10,9,8,1,4,3,3,5,20,17
205027,7/9/19,1/21/08,11,13,1,4,2,3,4,21,23
205031,6/17/19,3/22/05,14,18,1,4,3,3,36,29,28
205032,7/8/19,11/27/01,17,23,2,4,3,3,33,17,18
205037,6/19/19,6/24/03,15,22,2,4,3,3,31,19,15
205038,7/10/19,8/12/02,16,25,1,4,1,3,37,15,12
206004,6/17/19,6/11/07,12,14,1,4,3,1,32,16,19
206007,6/30/19,2/15/05,14,17,2,3,3,1,30,19,24
206008,6/3/19,12/3/06,12,14,1,4,3,1,32,17,18
206009,6/25/19,6/19/07,12,13,2,4,3,1,29,19,24
206010,6/25/19,4/26/10,9,7,2,4,3,1,18,19,19
207009,6/6/19,7/29/10,8,8,2,4,2,2,23,17,18
207010,6/6/19,7/2/10,8,8,1,3,2,2,22,17,18
207011,6/14/19,3/24/09,10,10,2,2,2,2,23,18,17
207012,6/19/19,9/13/07,11,12,1,4,6,2,31,17,19
207013,6/19/19,11/1/07,11,12,2,2,2,2,27,17,16
207014,6/20/19,6/21/06,13,16,1,2,2,2,32,27,24
207015,6/20/19,3/5/06,13,15,1,2,2,2,37,24,23
207016,7/9/19,4/30/06,13,15,2,1,7,2,39,17,15
207017,7/12/19,3/22/06,13,15,1,3,2,2,26,17,15
207018,7/12/19,5/6/06,13,15,2,2,2,2,33,17,16
207019,7/12/19,8/30/06,12,15,1,1,2,2,34,21,20
207020,7/12/19,10/9/06,12,15,2,1,7,2,36,24,23
207021,7/13/19,5/16/05,14,17,1,2,2,2,41,26,20
208013,4/28/19,11/5/11,7,6,2,2,2,3,16,13,18
208015,6/7/19,11/6/03,15,20,1,2,2,3,28,26,23
208019,5/9/19,11/3/08,10,8,1,1,2,3,11,15,15
208023,6/18/19,1/9/10,9,10,2,3,2,3,17,19,19
208024,6/18/19,10/13/08,10,12,2,3,2,3,19,14,20
209015,6/16/19,2/18/05,14,20,2,4,3,4,26,16,19
210008,6/14/19,3/2/11,8,6,2,4,7,3,28,15,19
210009,6/14/19,3/2/11,8,6,1,4,7,3,26,17,18
210010,6/18/19,10/12/04,14,18,2,4,7,3,35,20,22
210011,6/15/19,9/29/03,15,20,2,4,7,3,32,26,21
210012,6/15/19,11/12/01,17,24,1,4,7,3,36,29,23
210019,7/5/19,5/25/09,10,11,2,4,7,3,19,18,24
210025,7/25/19,7/7/10,9,9,2,4,7,3,24,20,19
210030,7/28/19,9/14/01,17,25,2,4,7,3,32,21,19
210031,8/1/19,4/1/04,15,21,2,2,7,3,30,17,19
210032,8/1/19,5/22/06,13,17,2,2,7,3,28,19,19
210034,8/4/19,10/3/02,16,23,1,2,7,3,31,19,20
210035,8/4/19,10/17/06,12,15,2,2,7,3,32,24,22
210036,8/10/19,9/25/07,11,13,2,4,7,3,30,17,18
210037,8/10/19,6/29/12,7,5,2,4,7,3,5,18,20
210040,8/18/19,6/1/06,13,17,2,2,7,3,33,25,24
210041,8/18/19,11/12/03,15,21,2,2,7,3,34,26,20
210042,8/18/19,11/10/02,16,23,2,2,7,3,31,19,18
210043,8/26/19,3/1/12,7,5,1,3,7,3,5,16,17
210046,8/29/19,7/10/10,9,9,1,3,7,3,23,17,18
210047,8/29/19,8/15/04,15,21,2,3,7,3,28,17,17
210048,8/29/19,8/20/02,17,23,1,3,7,3,30,25,25
211002,4/22/19,8/19/08,10,10,1,4,7,2,32,19,21
211006,6/7/19,4/11/05,14,20,1,4,3,2,33,25,27
211007,6/7/19,7/17/11,7,8,1,4,3,2,21,23,22
211009,6/11/19,4/2/03,16,22,1,4,3,2,33,26,26
211010,6/9/19,11/17/07,11,12,1,4,2,2,22,20,19
211014,6/15/19,4/19/08,11,12,2,4,3,2,8,22,27
211016,6/17/19,4/6/10,9,8,2,2,3,2,26,16,19
211017,6/18/19,12/30/03,15,20,2,2,3,2,30,26,28
211018,6/18/19,12/19/02,16,22,1,4,3,2,32,24,28
211020,6/19/19,11/5/03,15,20,1,4,3,2,34,29,29
211021,6/19/19,4/16/01,18,26,1,4,6,2,29,29,29
211024,6/20/19,11/16/05,13,16,2,2,3,2,29,21,25
211027,6/24/19,12/21/04,14,17,2,4,3,2,33,27,26
211028,6/24/19,8/5/08,10,9,2,4,3,2,30,27,26
211029,6/25/19,3/19/04,15,19,1,3,3,2,30,28,27
211030,6/25/19,6/17/02,17,23,1,4,3,2,33,28,26
211032,7/1/19,12/16/02,16,23,2,2,3,2,38,29,27
211033,7/1/19,12/26/08,10,11,2,4,6,2,30,27,22
211034,7/1/19,8/6/10,8,9,1,4,6,2,8,23,18
211035,7/2/19,3/31/08,11,13,1,4,3,2,17,24,19
211036,7/2/19,4/19/06,13,17,1,4,3,2,27,29,22
211038,7/2/19,6/16/03,16,23,1,4,3,2,28,26,26
211039,7/2/19,4/19/06,13,17,2,4,3,2,30,26,27
211041,7/15/19,9/27/04,14,19,1,4,7,2,33,26,22
211042,7/22/19,11/12/04,14,19,1,4,3,2,33,25,26
211044,7/22/19,12/8/03,15,21,1,4,6,2,28,28,24
211049,7/25/19,6/12/03,16,23,2,2,3,2,35,26,26
211050,7/26/19,8/14/02,16,23,1,2,3,2,30,23,25
211051,7/25/19,4/29/10,9,9,2,2,3,2,17,22,23
211052,7/25/19,10/2/05,13,17,1,2,3,2,27,22,25
211062,8/1/19,10/8/06,12,15,2,4,3,2,26,28,25
211063,8/1/19,1/6/06,13,17,2,4,3,2,29,26,28
211064,8/1/19,9/26/03,15,21,2,4,3,2,31,27,27
211065,8/2/19,1/30/02,17,25,2,2,7,2,31,27,22
211066,8/2/19,4/7/04,15,21,2,2,7,2,27,28,22
211067,8/2/19,7/13/06,13,15,1,2,7,2,24,23,24
211068,8/3/19,5/17/03,16,21,1,2,3,2,32,26,21
211069,8/3/19,12/9/03,15,21,1,2,3,2,36,24,22
211071,8/3/19,8/25/03,15,21,1,3,3,2,35,23,18
211074,8/6/19,7/5/09,10,11,2,4,7,2,21,22,25
211075,8/19/19,7/5/08,11,13,1,4,3,2,25,21,19
212003,5/1/19,6/25/09,9,10,2,2,2,2,30,18,19
212004,6/17/19,7/7/09,9,8,1,2,2,2,22,18,17
212005,6/28/19,5/8/08,11,12,2,2,2,2,31,17,17
212006,5/9/19,5/28/07,11,14,1,2,2,2,31,19,21
212007,4/25/19,12/22/05,13,16,2,2,2,2,31,17,17
212008,5/23/19,1/1/05,14,18,2,2,2,2,33,17,19
212009,5/23/19,6/12/05,13,18,2,2,2,2,37,16,17
212010,6/18/19,8/16/05,13,18,2,1,2,2,31,18,20
212011,5/16/19,11/15/03,15,20,1,2,2,2,38,19,22
212012,5/17/19,4/2/03,16,20,1,2,2,2,33,17,19
212013,6/30/19,6/11/04,15,20,1,2,2,2,32,17,19
212014,6/30/19,8/17/03,15,20,1,2,2,2,31,20,21
212015,5/14/19,3/2/03,16,22,2,2,2,2,41,20,22
212016,6/20/19,5/3/04,15,22,2,2,2,2,31,21,19
212017,7/3/19,8/18/03,15,23,2,2,2,2,43,20,23
212018,7/8/19,6/10/03,16,23,2,2,2,2,36,17,19
212019,7/8/19,12/25/03,15,23,2,2,2,2,32,19,20
212020,5/10/19,8/31/02,16,24,1,2,2,2,42,18,17
212021,5/10/19,2/2/01,18,24,1,2,2,2,38,18,19
212022,5/10/19,1/16/02,17,24,1,2,2,2,19,19,20
212023,5/22/19,5/20/02,17,24,1,2,2,2,35,16,15
212024,6/6/19,11/24/01,17,24,1,2,2,2,41,19,22
212025,5/9/19,3/9/01,18,26,2,2,2,2,37,22,24
212026,5/15/19,10/29/00,18,26,2,2,2,2,41,23,20
212027,5/30/19,1/31/01,18,26,2,2,2,2,37,17,13
212028,6/6/19,5/5/01,18,26,2,2,2,2,34,17,20
212029,6/13/19,2/3/01,18,26,2,2,2,2,32,17,19
213002,6/2/19,8/17/02,16,24,2,4,7,4,33,23,28
213005,7/8/19,4/27/10,9,7,1,4,6,4,19,23,18
213008,6/24/19,7/20/10,8,7,2,3,7,4,16,18,14
213017,8/25/19,2/20/07,12,15,1,4,6,4,30,16,23
213018,9/18/19,12/20/04,14,19,2,4,7,4,32,26,24
214009,4/12/19,3/17/09,10,10,2,4,1,3,26,18,16
214012,5/17/19,7/10/07,11,14,1,4,3,3,29,16,18
214013,5/18/19,5/5/06,13,16,2,4,7,3,28,23,19
214014,5/18/19,8/19/08,10,12,2,4,7,3,23,16,19
214015,5/18/19,1/15/09,10,10,2,4,6,3,32,17,24
214017,5/22/19,7/18/05,13,20,1,3,7,3,30,18,18
214018,5/22/19,11/29/01,17,24,2,3,4,3,31,11,11
214021,5/27/19,2/7/10,9,8,1,4,6,3,26,20,20
214024,5/27/19,12/11/06,12,14,2,4,3,3,33,24,18
214028,5/31/19,5/3/05,14,18,1,4,3,3,31,23,21
214029,5/31/19,4/25/07,12,14,2,4,3,3,31,27,24
214031,5/30/19,6/30/10,8,8,1,4,3,3,8,26,20
214032,5/30/19,10/20/09,9,8,1,4,3,3,26,26,22
214034,5/31/19,10/19/03,15,20,2,3,3,3,37,26,20
214035,5/31/19,2/21/03,16,20,2,4,7,3,31,22,20
214040,6/7/19,3/23/09,10,10,2,3,3,3,25,15,15
214044,6/8/19,2/2/07,12,14,2,4,1,3,32,23,22
214052,9/29/19,8/11/09,10,11,1,4,3,3,27,21,18
214056,10/4/19,8/24/11,8,7,2,3,3,3,20,15,21
214058,10/11/19,5/4/10,9,9,2,4,3,3,26,16,16
214060,10/13/19,7/20/07,12,15,1,4,3,3,32,26,20
214068,11/9/19,5/4/06,13,17,2,4,3,3,34,22,21
214069,11/10/19,6/14/10,9,9,2,4,3,3,30,18,21
214072,11/16/19,2/2/09,10,11,2,4,3,3,34,21,20
214074,11/14/19,11/5/08,11,11,1,4,3,3,24,15,20
216005,5/19/19,2/13/02,17,24,2,4,3,4,33,17,13
217015,6/27/19,8/16/10,8,8,1,2,2,1,28,16,20
217016,6/21/19,7/21/10,8,8,1,2,3,1,25,17,17
217017,5/19/19,4/18/10,9,8,1,4,3,1,22,18,18
217019,6/18/19,4/6/07,12,12,1,2,2,1,26,17,19
217020,5/28/19,9/15/08,10,12,1,2,2,1,26,17,17
217021,6/18/19,4/20/06,13,16,1,3,3,1,34,26,25
217022,6/21/19,5/24/05,14,18,1,3,3,1,36,20,25
218003,4/28/19,10/7/09,9,8,1,1,7,4,14,25,19
218004,5/26/19,6/20/09,9,10,1,1,7,4,22,18,21
218005,5/11/19,6/5/09,9,10,1,1,4,4,30,17,17
218006,6/15/19,9/22/07,11,12,1,3,3,4,31,19,19
218007,4/27/19,5/14/06,12,16,2,2,1,4,35,20,19
218009,5/4/19,6/8/02,16,22,2,1,7,4,36,21,18
218010,4/28/19,11/29/02,16,22,2,1,1,4,30,19,19
218011,6/1/19,1/11/02,17,24,2,2,3,4,32,22,27
218012,6/15/19,7/1/02,16,24,1,2,3,4,37,27,26
218013,6/9/19,11/19/01,17,24,2,4,2,4,31,22,19
218014,5/4/19,8/29/00,18,26,1,1,7,2,31,25,24
219006,7/15/19,11/26/10,8,7,1,3,7,3,17,17,19
219007,6/24/19,4/27/07,12,14,1,3,7,3,21,16,21
219008,7/12/19,4/21/08,11,13,1,3,7,3,32,18,19
220016,4/19/19,9/22/09,9,8,1,3,2,2,27,16,15
220017,4/11/19,6/25/10,8,8,1,3,2,2,20,14,15
220018,4/16/19,2/4/10,9,8,1,3,2,2,6,12,12
220019,4/15/19,3/4/10,9,8,1,3,2,2,16,15,12
220020,4/18/19,3/19/10,9,8,1,2,2,2,6,17,12
220021,4/17/19,3/14/10,9,8,1,3,2,2,18,16,13
221001,4/23/19,9/13/02,16,24,2,3,2,1,32,28,28
221002,4/23/19,11/27/03,15,20,2,2,2,1,32,29,28
221003,5/13/19,2/18/03,16,22,2,2,2,1,30,26,27
221004,5/14/19,11/5/03,15,22,1,2,6,1,29,24,24
221005,5/15/19,9/26/03,15,22,1,2,2,1,28,22,24
221006,5/16/19,1/30/01,18,26,2,2,2,1,31,25,26
221007,5/21/19,8/7/03,15,22,1,2,2,1,30,27,24
221008,5/22/19,10/15/02,16,22,2,2,2,1,30,24,21
221009,5/24/19,12/28/02,16,22,2,2,2,1,29,26,23
221010,5/29/19,5/8/00,19,26,2,2,2,1,30,26,23
221011,5/30/19,3/3/02,17,24,2,1,2,1,32,28,24
221012,6/3/19,11/18/03,15,20,2,2,2,1,31,25,23
221013,6/13/19,5/10/03,16,20,2,2,2,1,30,27,22
221014,6/4/19,8/26/03,15,20,2,2,2,1,30,25,22
221015,6/6/19,9/15/01,17,26,2,2,2,1,31,26,28
221016,6/6/19,6/13/03,15,20,2,2,2,1,25,23,19
221017,6/7/19,4/26/03,16,22,2,2,2,1,29,28,23
221018,6/10/19,12/5/02,16,22,2,2,2,1,29,27,23
221019,6/11/19,4/22/01,18,26,2,2,2,1,32,26,19
222023,5/24/19,1/20/11,8,6,2,4,3,3,19,19,21
222026,6/9/19,2/18/03,16,22,1,2,3,3,31,17,20
222028,6/13/19,9/5/08,10,10,2,4,3,3,27,18,18
223002,5/30/19,7/18/09,9,9,1,2,7,3,12,17,16
223005,5/5/19,7/8/09,9,10,2,4,7,3,26,17,19
223006,6/2/19,10/27/09,9,8,1,1,7,3,16,17,13
223007,4/19/19,12/31/08,10,10,1,3,7,3,29,17,18
223008,5/22/19,4/9/09,10,10,1,1,7,3,6,20,16
223009,4/29/19,5/21/07,11,12,1,1,7,3,9,17,16
223010,6/25/19,3/27/07,12,13,2,2,7,3,29,19,21
223011,5/22/19,12/22/06,12,14,2,1,7,3,28,16,18
223012,6/3/19,9/27/08,10,10,1,1,7,3,11,19,19
223013,4/25/19,8/19/08,10,12,1,2,7,3,26,22,28
223015,4/22/19,5/25/07,11,14,2,4,7,3,28,22,18
223016,6/2/19,9/2/07,11,12,1,1,7,3,20,18,17
223017,7/25/19,7/18/05,14,18,2,2,7,3,28,18,21
223018,4/16/19,11/6/04,14,18,2,2,7,3,25,16,12
223019,6/25/19,4/8/04,15,20,2,2,7,3,30,22,20
223020,6/3/19,6/21/04,14,18,2,1,7,3,25,24,23
223021,5/5/19,9/8/04,14,18,1,3,7,3,30,26,24
223022,6/13/19,11/1/10,8,6,1,1,7,3,2,16,17
223024,4/21/19,11/25/03,15,20,2,2,7,3,28,20,20
223027,4/21/19,4/8/02,17,24,2,2,7,3,37,22,17
223028,6/25/19,7/7/06,12,15,2,2,7,3,30,25,20
223029,7/9/19,12/3/10,8,7,2,3,7,3,18,16,18
223031,4/25/19,7/3/02,16,24,3,2,7,3,31,27,18
223032,4/24/19,12/7/00,18,26,1,2,7,3,32,17,16
223033,7/9/19,10/31/09,9,9,2,3,7,3,24,17,17
223034,7/29/19,6/12/05,14,19,2,3,7,3,30,21,21
223036,8/17/19,6/3/08,11,13,2,1,7,3,24,17,20
223037,8/17/19,1/27/11,8,7,2,2,7,3,12,17,19
223042,8/17/19,2/22/04,15,21,1,2,7,3,30,17,17
223047,7/30/19,6/15/05,14,19,2,2,7,3,32,26,17
223048,7/30/19,11/7/07,11,13,2,2,7,3,26,18,16
223049,7/31/19,7/22/09,10,11,1,2,7,3,12,16,19
223051,8/4/19,9/27/10,8,7,1,1,3,3,17,17,19
223052,8/11/19,11/26/01,17,25,2,1,7,3,33,17,21
223053,8/11/19,3/7/04,15,21,2,1,7,3,31,16,18
223054,8/19/19,2/8/06,13,17,1,1,7,3,27,18,18
223055,8/9/19,5/23/07,12,15,2,2,7,3,30,16,21
223056,8/10/19,10/8/08,10,11,2,2,7,3,16,16,21
223058,8/14/19,12/18/07,11,13,1,3,7,3,19,15,18
223061,7/30/19,2/1/01,18,25,2,2,7,3,30,15,15
223062,7/30/19,3/2/05,14,19,1,2,7,3,28,15,14
223063,7/30/19,9/5/06,12,15,1,2,7,3,28,15,15
223064,8/1/19,11/13/02,16,23,1,3,3,3,32,18,18
223065,8/2/19,4/28/04,15,21,1,3,7,3,30,17,18
223066,8/1/19,6/4/08,11,13,1,3,7,3,24,16,17
223067,8/2/19,9/17/09,9,9,1,3,7,3,15,15,14
223068,8/5/19,2/1/05,14,19,2,2,7,3,30,21,19
223069,8/5/19,11/9/07,11,13,2,2,7,3,24,16,19
223070,8/7/19,10/4/07,11,13,2,1,7,3,21,17,19
223071,8/7/19,4/27/11,8,7,2,1,7,3,8,16,14
223072,8/6/19,7/27/11,8,7,2,2,7,3,14,17,19
223073,8/29/19,8/12/09,10,11,2,1,3,3,15,15,17
223074,8/29/19,7/21/11,8,7,2,1,7,3,6,15,17
223075,8/30/19,5/27/06,13,17,2,2,7,3,25,16,18
225005,4/13/19,8/10/10,8,8,1,2,7,4,22,17,18
225006,5/4/19,8/29/09,9,10,2,4,7,4,28,23,22
225009,5/5/19,3/8/09,10,10,2,1,7,4,14,18,20
225010,5/5/19,2/7/06,13,16,2,1,7,4,32,27,26
226012,5/13/19,1/11/10,9,8,1,4,2,2,22,15,19
226013,4/23/19,4/27/10,8,8,2,2,2,2,21,17,18
226014,5/13/19,8/13/09,9,8,2,2,7,2,26,18,23
226015,5/13/19,5/13/10,9,8,2,3,7,2,15,18,17
226017,5/13/19,12/7/09,9,8,1,4,2,2,20,17,18
226020,4/25/19,2/14/05,14,18,2,3,3,2,26,17,20
226021,4/19/19,2/26/05,14,18,1,4,3,2,31,21,19
226022,4/25/19,7/11/05,13,18,2,4,2,2,29,16,17
226023,5/14/19,2/21/07,12,14,2,3,7,2,26,18,18
226024,5/14/19,7/27/06,12,14,1,3,2,2,25,15,16
226025,5/14/19,8/10/05,13,18,2,4,3,2,29,19,23
226026,5/20/19,10/20/08,10,10,2,4,3,2,28,17,21
226027,4/23/19,6/16/09,9,10,2,3,3,2,26,17,17
226028,4/25/19,7/27/09,9,10,1,3,3,2,14,17,19
226029,4/15/19,4/15/09,10,10,2,2,7,2,29,19,19
226030,5/7/19,8/17/08,10,10,1,4,3,2,19,14,20
226031,5/8/19,4/1/09,10,10,1,4,3,2,25,19,18
226032,6/18/19,5/1/10,9,8,2,4,3,2,21,16,19
226033,5/8/19,8/8/08,10,12,1,4,2,2,26,15,19
226034,5/15/19,7/17/08,10,12,1,3,3,2,23,17,28
226036,5/21/19,8/19/08,10,12,2,3,3,2,23,17,19
226037,5/2/19,11/23/08,10,10,1,4,2,2,26,18,14
226038,5/8/19,5/20/07,11,12,1,3,3,2,28,17,19
226039,5/28/19,6/28/09,9,10,1,4,3,2,13,17,19
226040,5/28/19,1/14/09,10,10,1,4,3,2,29,19,18
226041,5/28/19,4/11/09,10,8,2,4,3,2,30,20,20
226042,5/28/19,3/24/10,9,10,1,4,3,2,24,16,15
226043,5/28/19,5/9/10,9,8,2,4,3,2,30,24,19
226044,5/28/19,9/29/08,10,10,1,4,3,2,32,24,20
226045,5/28/19,1/13/11,8,6,1,4,3,2,7,17,18
226046,5/28/19,8/29/08,10,10,2,4,3,2,27,17,20
226047,5/28/19,5/3/10,9,8,2,4,3,2,8,18,22
226048,6/5/19,1/4/07,12,14,2,4,3,2,25,19,24
226049,6/5/19,1/4/07,12,14,2,4,3,2,28,18,21
226050,6/5/19,10/21/03,15,20,1,2,3,2,39,27,28
226051,6/5/19,3/4/04,15,20,2,4,3,2,34,24,25
227004,4/30/19,4/24/09,10,9,1,2,3,2,5,15,23
227005,4/28/19,6/24/08,10,11,1,4,2,2,24,17,19
227006,5/30/19,12/8/09,9,8,2,4,3,2,20,19,20
227007,6/27/19,3/27/07,12,14,2,4,3,2,31,18,21
227008,6/30/19,2/5/08,11,11,2,4,3,2,31,21,27
227010,4/13/19,6/27/07,11,12,2,4,1,2,35,17,19
227011,6/10/19,9/11/08,10,12,2,4,3,2,23,18,27
227016,6/27/19,4/19/03,16,21,1,4,3,2,28,17,20
227017,6/14/19,9/21/01,17,26,2,4,3,2,28,23,24
227020,6/22/19,1/17/06,13,16,1,4,3,2,22,17,23
227021,6/27/19,12/28/05,13,15,1,4,3,2,34,15,19
227026,6/27/19,10/19/04,14,18,1,4,3,2,29,23,21
228004,6/4/19,9/8/01,17,26,2,2,3,2,36,27,26
228006,6/8/19,10/6/00,18,26,1,2,3,2,36,27,28
228007,6/8/19,2/20/07,12,14,1,1,3,2,29,18,18
228009,6/28/19,5/9/01,18,25,2,2,3,2,34,26,26
228010,6/28/19,8/14/00,18,25,1,2,3,2,34,25,17
231038,4/24/19,2/17/06,13,16,1,4,3,2,27,18,19
231039,5/11/19,11/28/05,13,16,1,4,3,3,35,29,21
231043,5/16/19,10/3/04,14,20,1,4,3,3,32,26,19
231045,5/16/19,11/18/02,16,22,1,4,3,3,38,29,23
231046,5/17/19,2/2/03,16,22,1,4,3,3,43,29,25
231047,5/17/19,5/7/02,17,24,2,4,3,3,27,28,25
231049,5/20/19,4/20/99,19,26,2,4,3,3,39,25,24
231050,5/20/19,3/24/01,18,26,2,4,3,3,30,17,28
232001,5/10/19,5/9/07,12,14,2,3,7,4,26,24,19
232002,5/14/19,7/15/08,10,12,2,3,7,4,20,19,19
232008,6/17/19,11/14/08,10,12,2,3,3,4,28,22,22
232009,5/30/19,8/17/08,10,12,1,3,6,4,7,16,22
232010,6/6/19,6/21/01,17,26,1,4,7,4,39,26,23
232011,4/22/19,7/6/01,17,26,2,4,1,4,35,24,22
232012,6/12/19,1/15/04,15,20,2,4,7,4,35,27,25
232013,5/27/19,6/25/02,16,24,1,4,3,4,35,21,18
232014,5/22/19,7/12/06,12,16,2,1,7,4,27,19,18
232017,7/5/19,6/16/08,11,13,1,4,3,4,30,19,20
232018,5/9/19,9/7/01,17,26,1,4,2,4,41,17,20
232022,6/17/19,5/17/07,12,14,1,3,3,4,25,16,22
232023,6/15/19,11/10/09,9,8,2,4,3,4,9,16,24
232024,6/15/19,10/24/06,12,14,1,4,3,4,35,24,20
232027,5/19/19,1/12/10,9,8,2,4,3,4,17,22,25
232028,7/5/19,4/5/10,9,9,2,4,3,4,32,19,19
232029,6/18/19,12/12/08,10,10,2,3,7,4,29,17,18
232032,5/14/19,3/1/01,18,26,2,3,7,4,34,18,24
232050,6/28/19,7/15/01,17,26,2,4,3,4,33,28,21
232051,9/22/19,6/5/07,12,15,2,4,7,4,37,25,21
232052,9/22/19,5/17/09,10,11,1,4,7,4,31,24,26
232053,9/25/19,7/3/08,11,13,1,3,3,4,24,19,23
232058,11/2/19,10/4/02,17,25,2,2,3,4,31,27,25
232059,9/20/19,5/14/04,15,21,1,2,7,4,29,17,22
232060,10/11/19,12/22/01,17,25,2,2,7,4,40,29,22
232063,9/6/19,12/28/04,14,19,2,4,6,4,18,26,24
232064,9/8/19,3/11/06,13,17,2,4,7,4,27,18,19
232066,9/13/19,12/22/03,15,21,2,3,7,4,31,20,19
232067,9/15/19,8/15/05,14,19,1,3,7,4,30,19,20
232069,9/18/19,1/1/07,12,15,1,2,7,4,25,17,18
232071,9/7/19,10/6/01,17,25,2,2,3,4,30,17,19
232072,9/7/19,12/19/03,15,21,1,2,3,4,39,27,25
232073,9/19/19,2/10/04,15,21,1,4,2,4,33,27,21
232074,9/23/19,6/30/06,13,17,1,4,2,4,28,21,20
232075,9/26/19,7/23/10,9,9,2,3,3,4,14,17,20
234017,5/3/19,6/4/10,8,8,2,3,7,1,27,14,20
234018,5/3/19,11/8/10,8,8,2,2,2,1,10,16,19
234019,4/29/19,5/21/10,8,8,2,2,2,1,24,15,20
234020,4/23/19,4/29/10,8,8,1,2,7,1,16,17,15
234021,4/27/19,11/8/10,8,8,1,2,2,1,20,14,18
234037,5/28/19,8/29/09,9,10,2,2,2,1,30,16,18
234038,4/26/19,11/6/09,9,10,1,1,7,1,25,14,15
234039,5/30/19,5/19/09,10,10,2,3,7,1,7,14,14
234040,5/31/19,3/25/09,10,10,1,3,2,1,24,16,19
234041,5/1/19,3/25/08,11,12,1,1,7,1,25,13,14
234042,5/21/19,11/25/08,10,12,2,1,7,1,27,20,23
234043,5/30/19,12/16/07,11,14,1,1,7,1,29,17,18
234044,5/24/19,11/13/07,11,14,2,4,2,1,28,17,19
234047,5/15/19,10/29/06,12,16,2,3,7,1,24,14,18
234048,5/15/19,4/29/10,9,8,2,3,7,1,28,17,20
234049,5/17/19,7/20/10,8,8,2,3,7,1,10,16,19
234050,5/17/19,10/26/08,10,12,2,4,7,1,27,17,17
234051,6/3/19,12/6/07,11,14,1,2,7,1,29,17,20
235009,4/13/19,9/19/05,13,18,1,4,1,2,32,18,13
235010,4/13/19,1/24/08,11,12,1,4,1,2,19,15,20
235022,4/20/19,6/18/03,15,20,1,4,1,2,28,18,17
236001,4/19/19,5/25/12,6,4,2,4,4,2,6,15,19
236003,5/26/19,6/19/12,6,4,2,4,3,2,13,17,20
236005,6/24/19,11/15/11,7,4,1,4,3,2,7,16,23
236006,6/18/19,1/18/11,8,6,1,4,3,2,14,16,14
236007,6/15/19,10/27/10,8,6,2,4,3,2,28,27,24
236008,6/21/19,7/19/10,8,8,2,4,3,2,18,16,18
236010,6/14/19,7/27/10,8,8,2,4,3,2,12,17,23
236011,4/27/19,9/6/08,10,10,2,4,1,2,28,24,20
236012,4/22/19,11/13/08,10,10,2,4,1,2,29,20,20
236013,5/26/19,4/3/09,10,10,1,4,3,2,36,21,19
236016,4/25/19,12/10/07,11,12,2,4,1,2,33,15,17
236019,6/24/19,9/25/07,11,14,2,4,3,2,28,20,19
236022,4/22/19,4/27/06,12,16,2,4,1,2,25,23,21
236023,4/25/19,4/30/05,13,18,2,4,1,2,33,17,24
236026,6/9/19,11/25/03,15,20,2,4,3,2,36,26,24
236027,6/18/19,8/20/04,14,20,1,4,3,2,30,19,16
236029,5/26/19,5/25/06,13,16,2,4,3,2,36,25,27
236031,6/9/19,7/12/01,17,26,1,4,3,2,41,20,25
236041,5/26/19,7/28/09,9,10,2,4,3,2,32,24,20
236043,6/14/19,4/17/04,15,20,2,4,3,2,38,22,22
236044,6/11/19,2/22/11,8,6,2,4,3,2,23,23,24
236045,6/21/19,12/15/11,7,4,1,4,3,2,9,16,17
236047,6/11/19,6/27/12,6,4,2,4,3,2,7,15,14
236048,6/15/19,8/8/12,6,4,2,3,3,2,6,16,14
239001,5/8/19,10/30/00,18,26,1,4,1,1,38,24,23
239005,5/10/19,11/29/01,17,24,1,4,1,2,36,22,17
239007,5/12/19,4/15/04,15,20,2,4,1,2,34,19,17
239011,5/14/19,10/8/00,18,24,1,4,1,1,33,25,19
239012,5/14/19,12/28/01,17,24,2,4,1,1,32,22,19
239013,5/14/19,12/28/01,17,24,2,4,1,1,40,26,20
239016,5/16/19,11/16/05,13,16,1,4,1,1,32,15,18
239017,5/17/19,12/28/00,18,26,2,4,1,1,39,22,26
239019,5/20/19,7/8/09,9,10,2,3,3,1,26,19,18
239020,5/20/19,11/7/02,16,22,2,4,3,1,33,21,18
239021,5/22/19,3/15/12,7,4,2,4,3,1,4,18,16
239022,5/25/19,4/11/11,8,6,2,3,3,1,8,16,15
240004,5/10/19,4/14/08,11,12,2,4,5,3,32,25,23
240005,5/10/19,8/22/06,12,16,2,4,5,3,36,28,22
240006,5/31/19,3/5/10,9,8,2,4,4,3,27,18,20
240007,6/14/19,6/11/09,10,8,2,4,4,3,17,16,18
240008,5/31/19,7/25/12,6,4,1,2,4,3,5,19,21
240009,5/11/19,12/22/10,8,6,1,2,1,3,8,17,18
240011,5/9/19,1/5/11,8,6,2,2,1,3,11,19,22
240013,5/5/19,7/27/04,14,18,2,2,5,3,30,24,18
240014,5/18/19,6/15/08,10,10,2,2,4,3,23,24,16
240015,6/7/19,9/30/06,12,14,2,2,3,3,31,22,17
240016,6/7/19,3/14/01,18,26,2,2,4,3,31,27,28
240025,12/6/19,10/11/12,7,3,1,2,3,3,7,16,15
240026,1/3/20,8/4/11,8,6,2,3,4,3,6,16,19
240027,1/3/20,11/27/10,9,6,1,3,3,3,13,16,15
240028,12/13/19,4/26/12,7,5,2,3,4,3,25,21,17
240029,1/10/20,11/5/11,8,6,2,2,4,3,18,16,18
240030,12/13/19,10/4/11,8,5,2,3,4,3,16,15,16
240031,1/24/20,12/7/11,8,6,2,2,2,3,14,18,19
240032,1/24/20,4/4/12,7,6,2,3,3,3,26,18,13
240034,1/3/20,4/28/12,7,6,2,3,3,3,12,16,22
240035,1/3/20,8/19/11,8,6,1,3,3,3,7,15,14
241003,4/16/19,7/6/10,8,8,2,3,1,2,8,17,20
241008,4/27/19,1/28/10,9,8,1,4,1,2,12,14,15
241009,4/23/19,5/10/08,10,10,1,3,7,2,16,17,17
241012,5/3/19,1/9/09,10,10,2,4,1,2,20,18,21
241014,5/9/19,8/25/09,9,10,2,3,7,2,23,17,18
241015,5/12/19,5/9/06,13,16,2,4,1,2,32,19,21
241016,5/13/19,11/17/10,8,8,2,2,1,2,23,17,20
241017,5/14/19,2/13/09,10,10,1,2,3,2,32,18,23
241020,5/22/19,8/6/09,9,10,2,4,6,2,27,22,21
241022,5/31/19,9/1/09,9,10,1,4,2,2,21,17,18
241024,6/7/19,11/26/10,8,8,1,4,3,2,4,17,20
241028,6/15/19,2/7/11,8,6,1,4,3,2,20,26,24
243004,5/31/19,2/25/05,14,18,2,4,3,3,27,17,21
243005,6/11/19,5/13/09,10,10,2,4,3,3,12,16,18
243007,5/1/19,5/18/06,12,14,2,2,7,3,23,17,18
243008,5/2/19,11/30/07,11,12,1,4,4,3,23,17,18
243009,5/3/19,8/26/00,18,26,1,4,4,2,44,29,27
243010,5/2/19,8/16/07,11,12,2,4,1,2,13,17,15
243011,5/31/19,5/17/03,16,22,2,2,2,3,41,28,29
243012,6/20/19,7/29/04,14,20,1,2,7,3,6,20,26
243013,5/28/19,12/27/03,15,20,1,4,3,3,30,21,21
243014,6/11/19,1/19/07,12,12,1,4,3,3,23,28,22
243017,6/26/19,7/23/00,18,26,1,2,3,3,30,18,17
243019,8/3/19,8/20/02,16,23,1,4,3,3,40,29,24
243023,7/27/19,4/8/08,11,13,1,4,3,3,33,26,20
243024,9/10/19,4/7/09,10,11,2,4,1,3,26,17,21
243025,8/6/19,2/26/03,16,23,1,4,3,3,30,25,24
243027,8/14/19,2/24/04,15,21,2,4,3,3,37,19,18
243028,9/6/19,9/30/03,15,23,2,2,3,3,40,23,23
243029,9/27/19,9/9/11,8,5,1,2,3,3,6,16,18
243030,9/25/19,9/9/11,8,5,2,2,3,3,5,15,19
243031,11/4/19,4/11/02,17,23,1,2,3,3,36,25,28
243032,10/8/19,1/18/11,8,7,1,3,2,3,5,16,11
243033,11/24/19,1/27/06,13,17,1,3,3,2,20,16,19
244005,6/11/19,5/18/12,7,3,2,2,7,1,7,5,3
244006,6/12/19,8/21/12,6,3,1,1,7,1,2,1,1
244016,6/12/19,4/3/10,9,7,2,1,7,1,12,15,13
244018,6/13/19,5/13/09,10,9,1,2,2,1,23,17,12
244024,5/3/19,11/20/07,11,12,2,1,2,1,21,15,15
244028,5/22/19,7/12/06,12,12,1,1,2,1,26,17,12
244034,6/19/19,5/2/06,13,13,2,2,7,1,22,16,21
244035,6/18/19,4/18/06,13,13,2,2,7,1,13,17,17
244036,6/18/19,12/19/05,13,13,1,2,7,1,18,16,17
244037,5/21/19,10/18/05,13,14,2,2,2,1,27,17,21
244038,6/7/19,10/20/06,12,14,1,1,7,1,26,17,20
244040,6/23/19,11/25/06,12,15,1,2,7,1,20,15,19
244041,5/6/19,1/18/06,13,16,1,2,2,1,22,18,20
244042,6/25/19,11/12/05,13,15,1,1,7,1,26,18,20
244043,6/25/19,12/3/05,13,15,1,2,2,1,27,18,19
244045,6/27/19,1/7/06,13,15,2,1,2,1,21,15,18
244046,5/29/19,4/12/06,13,16,2,1,7,1,29,16,19
246001,6/11/19,8/26/08,10,12,1,2,7,4,26,16,15
246002,6/18/19,11/1/06,12,14,2,2,7,4,32,27,21
246003,6/18/19,11/17/06,12,18,1,3,7,4,32,16,15
246004,6/18/19,9/2/04,14,20,1,3,7,4,27,15,12
246005,6/18/19,2/20/03,16,22,1,3,7,4,38,20,18
246006,6/12/19,4/28/07,12,14,1,3,7,4,36,25,19
246007,6/12/19,7/17/09,9,10,2,3,7,4,30,17,26
246008,6/13/19,6/21/11,7,6,1,3,7,4,27,19,20
246009,6/16/19,8/18/10,8,8,1,4,3,4,28,21,27
246010,7/16/19,11/18/03,15,21,1,1,7,4,22,18,17
246011,7/16/19,4/11/06,13,15,1,1,7,4,13,19,20
246012,9/8/19,7/12/13,6,3,2,1,7,4,3,17,1
246013,9/8/19,8/30/10,9,9,1,1,7,4,29,22,19
246015,9/12/19,8/23/05,14,19,2,1,7,4,30,26,21
246017,9/8/19,5/30/01,18,25,2,1,7,4,29,22,15
246018,9/19/19,4/11/06,13,17,1,2,7,4,25,17,15
246019,9/22/19,3/15/07,12,15,1,3,7,4,30,18,19
246020,10/14/19,1/11/06,13,17,1,3,7,4,32,16,16
246021,10/31/19,1/27/11,8,7,1,3,7,4,11,17,17
248001,5/7/19,10/24/11,7,4,2,3,1,4,2,18,19
248004,5/22/19,12/24/11,7,4,2,2,7,4,2,12,13
248005,5/25/19,4/26/11,8,6,1,3,7,4,4,13,22
248006,5/19/19,6/30/09,9,10,2,2,2,4,27,21,22
248007,6/18/19,6/7/10,9,6,1,4,3,4,25,24,27
248008,5/23/19,9/16/11,7,6,2,4,3,4,5,16,19
248012,5/14/19,7/10/08,10,12,1,2,1,4,24,14,18
248013,4/26/19,3/25/06,13,16,1,2,7,4,28,16,19
248014,5/3/19,5/11/06,12,16,1,3,7,4,30,17,19
248016,5/20/19,12/26/00,18,26,2,3,3,4,40,27,18
248017,5/8/19,12/19/01,17,24,1,2,7,4,20,12,18
248023,6/7/19,11/3/04,14,18,2,3,3,4,40,24,29
248024,7/20/19,4/18/02,17,25,2,3,3,4,39,26,28
248025,5/19/19,10/25/06,12,13,1,3,2,4,30,17,19
248030,6/15/19,12/23/03,15,20,1,3,3,3,32,16,18
248031,6/7/19,6/4/02,17,24,2,3,3,3,35,23,23
248033,7/22/19,4/6/04,15,21,2,4,2,4,36,20,21
248034,7/22/19,4/15/06,13,17,1,4,2,4,32,19,20
248035,8/30/19,5/8/04,15,21,1,3,6,4,31,12,14
248036,9/16/19,12/25/10,8,7,1,3,6,4,15,15,10
248037,12/8/19,8/13/02,17,23,2,3,2,4,32,21,19
248039,11/14/19,11/22/04,14,21,2,2,3,4,31,17,15
248040,12/19/19,8/2/08,11,14,2,2,7,4,29,27,27
248041,11/21/19,11/8/08,11,11,2,3,6,4,28,17,19
248042,12/12/19,10/4/07,12,13,1,3,3,4,28,15,20
248043,12/19/19,8/12/11,8,7,2,2,3,4,19,17,19
248045,2/12/20,10/18/09,10,10,1,3,3,4,5,16,15
248046,2/24/20,6/8/11,8,10,2,3,3,4,13,20,22
248047,2/13/20,12/19/05,14,18,1,3,3,4,32,23,24
248048,2/19/20,9/7/03,16,24,1,2,7,4,26,19,21
248049,2/25/20,5/22/08,11,14,2,3,7,4,31,19,21
248050,3/9/20,3/5/05,15,20,1,2,7,4,24,18,20
248051,3/2/20,3/20/03,16,24,1,3,5,4,35,20,21
248053,3/5/20,1/25/08,12,14,1,3,3,4,18,16,22
249006,6/15/19,2/11/08,11,11,2,3,3,1,6,19,21
249014,12/10/19,10/24/09,10,10,2,1,3,3,20,23,14
249015,11/4/20,11/3/05,15,20,1,3,7,1,33,29,22
249017,11/11/20,1/4/06,14,20,1,1,7,1,22,24,21
249018,11/14/20,5/5/09,11,12,1,1,7,1,24,16,14
249019,11/14/20,9/13/13,7,6,2,1,7,1,5,17,16
249021,11/21/20,12/7/13,6,6,1,1,7,1,1,8,6
249023,12/1/20,8/9/07,13,18,2,1,7,1,27,18,17
249024,12/3/20,10/10/11,9,8,1,1,7,1,7,11,18
251002,5/17/19,12/26/04,14,18,2,3,1,3,32,18,26
251006,7/5/19,11/25/10,8,7,2,4,1,3,25,19,18
252001,6/5/19,4/21/10,9,8,2,4,7,4,5,24,26
252002,6/13/19,5/28/08,11,12,1,4,7,4,15,17,25
252010,5/29/19,1/15/09,10,10,2,3,7,4,24,17,22
252019,5/28/19,1/14/03,16,22,1,4,3,4,35,20,26
253001,5/23/19,5/28/11,7,8,2,4,7,4,11,19,16
253002,5/24/19,1/29/13,6,4,1,4,7,4,3,19,25
253003,5/28/19,1/3/07,12,16,1,4,3,4,29,25,25
253004,6/1/19,8/18/09,9,12,2,4,3,4,25,19,20
253005,6/1/19,1/13/10,9,10,1,4,3,4,28,25,26
253006,6/1/19,2/9/12,7,6,2,4,3,4,11,20,27
253008,6/2/19,6/6/12,6,6,2,4,3,4,14,18,19
253009,6/3/19,3/22/12,7,6,2,4,3,4,8,20,23
253010,6/3/19,9/24/06,12,16,2,4,3,4,25,20,20
253011,6/3/19,7/6/06,12,16,1,4,3,4,27,17,19
253012,6/4/19,8/14/08,10,12,1,4,3,4,29,26,28
253013,6/4/19,12/7/07,11,14,1,4,3,4,13,21,22
253014,6/4/19,3/23/03,16,24,1,4,3,4,32,20,22
253015,6/10/19,3/17/09,10,12,1,4,3,4,30,25,17
253016,6/10/19,4/25/11,8,8,1,4,3,4,25,18,19
253017,6/10/19,1/17/13,6,4,1,4,3,4,13,17,16
253018,6/10/19,3/4/06,13,18,1,4,3,4,23,18,22
253019,6/11/19,8/16/05,13,18,2,4,3,4,32,23,23
253020,6/11/19,3/9/07,12,16,2,4,3,4,33,26,26
253021,6/11/19,1/15/11,8,8,1,4,3,4,12,17,13
253022,6/11/19,9/12/05,13,18,1,4,3,4,13,18,20
253023,6/12/19,6/4/11,8,6,2,3,3,4,19,16,15
253024,6/12/19,3/16/07,12,16,1,3,3,4,27,19,24
253025,6/12/19,1/19/04,15,22,2,3,3,4,30,23,27
253026,6/13/19,5/8/11,8,8,2,3,3,4,17,17,17
253027,6/13/19,10/2/07,11,14,1,3,3,4,28,21,24
253028,6/13/19,8/27/08,10,12,2,4,3,4,22,17,19
253029,6/14/19,7/28/09,9,10,2,3,3,4,19,16,18
253030,6/14/19,3/25/06,13,16,1,3,3,4,22,19,15
253031,6/14/19,8/9/10,8,8,2,3,3,4,15,19,14
253033,6/15/19,12/27/11,7,6,2,3,3,4,5,17,23
253034,6/15/19,6/5/10,9,10,1,3,3,4,12,15,18
253035,6/17/19,9/14/05,13,18,1,4,3,4,33,28,19
253036,6/17/19,12/28/11,7,6,2,4,3,4,7,21,18
253037,6/17/19,9/24/07,11,14,1,3,3,4,30,16,21
253038,6/18/19,4/20/07,12,16,2,4,3,4,35,23,24
253039,6/18/19,6/8/12,7,4,2,4,3,4,3,17,21
253040,6/18/19,1/12/11,8,8,2,4,3,4,13,16,18
253041,6/24/19,11/29/11,7,6,1,3,3,4,13,17,16
253042,6/24/19,4/6/04,15,22,2,4,3,4,32,19,17
253043,6/24/19,3/26/07,12,16,2,4,3,4,19,18,18
253044,6/24/19,7/2/10,8,10,2,4,3,4,8,19,17
253045,6/25/19,9/4/02,16,24,1,4,3,4,34,20,25
253046,6/25/19,3/13/08,11,14,2,3,7,4,27,24,24
253047,6/26/19,3/24/11,8,8,1,3,3,4,4,16,18
253048,6/26/19,4/1/06,13,18,2,3,7,4,32,17,27
253049,6/28/19,7/21/04,14,22,1,3,3,4,34,21,20
253050,6/28/19,6/8/12,7,4,1,3,3,4,5,19,19
254001,5/13/19,1/21/12,7,4,2,1,1,3,22,18,19
254002,5/28/19,10/20/11,7,4,2,3,3,3,5,17,17
254003,5/13/19,8/20/11,7,4,1,2,3,3,13,20,18
254004,5/13/19,8/9/11,7,4,1,2,2,3,12,19,18
254005,5/13/19,5/22/12,6,4,1,4,3,3,7,17,14
254008,5/30/19,3/4/11,8,6,2,2,3,3,18,14,16
254009,5/14/19,3/29/11,8,6,2,2,1,3,28,16,22
254011,5/21/19,8/21/09,9,8,2,3,3,3,30,27,26
254013,5/15/19,7/15/10,8,8,1,3,3,3,23,24,27
254017,5/14/19,1/11/09,10,10,1,2,2,3,27,24,26
254019,6/17/19,5/25/08,11,11,1,4,3,3,31,17,18
254020,5/20/19,7/9/08,10,12,2,2,1,3,31,20,26
254021,5/17/19,3/31/08,11,12,2,2,1,3,28,17,20
254023,6/10/19,1/4/02,17,21,1,4,3,3,31,22,26
254024,7/10/19,11/16/05,13,15,1,4,3,3,18,21,25
254025,7/22/19,5/27/05,14,19,2,4,3,3,31,26,20
255001,10/4/19,4/16/09,10,11,1,4,2,3,21,16,16
255003,5/20/19,5/20/11,8,6,2,3,2,3,21,17,23
255004,5/17/19,2/25/08,11,12,1,3,2,3,33,17,17
255005,6/21/19,7/12/03,15,22,1,3,2,3,35,21,20
255006,5/28/19,10/18/06,12,14,1,2,3,3,34,20,21
255007,6/1/19,12/16/03,15,20,1,2,3,3,35,23,20
255010,6/30/19,10/21/07,11,11,1,2,2,3,28,16,19
255012,7/13/19,1/18/11,8,7,2,3,2,3,26,16,18
255013,7/9/19,6/24/08,11,13,1,3,2,3,28,15,15
255014,7/10/19,2/2/11,8,7,1,2,6,3,25,16,23
256002,6/17/19,9/2/09,9,8,1,2,3,3,27,25,28
256003,7/14/19,7/15/04,15,19,1,4,3,3,38,24,26
256005,6/17/19,11/2/05,13,15,1,2,3,3,27,22,19
256006,7/15/19,10/6/11,7,5,1,4,3,3,8,15,22
256007,7/3/19,1/1/08,11,13,2,2,3,3,27,24,20
256008,6/27/19,10/7/04,14,17,1,3,3,3,31,25,27
256009,6/26/19,4/22/11,8,5,2,4,3,3,24,17,22
256011,7/9/19,3/4/10,9,9,1,4,3,3,25,24,28
256013,7/14/19,8/17/01,17,25,1,3,3,3,37,25,24
256015,7/14/19,2/28/05,14,19,1,4,3,3,36,23,23
256017,6/28/19,3/20/05,14,17,2,4,3,3,34,24,26
256020,9/2/19,6/23/03,16,23,2,4,3,3,34,19,20
256021,7/26/19,2/6/07,12,15,2,2,3,3,29,23,25
256022,8/23/19,9/15/05,13,17,1,2,3,3,26,22,20
256023,7/14/19,5/9/05,14,19,2,3,3,3,32,24,26
256024,7/21/19,10/2/02,16,23,1,2,3,3,36,20,26
256025,7/16/19,4/17/07,12,17,2,3,3,3,35,25,24
256026,7/16/19,1/23/11,8,7,2,3,3,3,26,27,26
256027,7/21/19,1/22/10,9,9,2,3,2,3,29,29,27
256028,7/21/19,6/23/09,10,11,2,2,3,3,31,24,28
256029,7/21/19,9/6/07,11,15,1,2,3,3,29,24,26
256031,7/14/19,2/8/01,18,25,2,4,3,3,34,22,19
256032,7/17/19,1/20/05,14,19,1,2,3,3,36,23,23
256033,7/18/19,9/9/08,10,11,2,2,3,3,29,25,23
256035,7/22/19,2/10/09,10,11,1,4,3,3,30,26,22
256037,7/27/19,2/15/11,8,7,2,2,3,3,19,17,18
256038,8/6/19,10/2/02,16,23,1,3,3,3,31,24,20
256039,8/14/19,2/7/08,11,13,2,2,3,3,26,21,22
256040,8/14/19,4/27/10,9,9,1,4,3,3,26,17,20
256041,8/14/19,10/11/06,12,15,2,3,3,3,34,26,23
256042,8/31/19,9/4/03,15,21,1,3,3,3,42,28,27
256043,8/14/19,6/4/01,18,25,1,3,3,3,41,29,29
256044,8/14/19,12/13/06,12,15,2,4,3,3,36,28,29
256045,8/29/19,8/2/12,7,5,2,3,3,3,4,17,19
256048,9/2/19,5/25/06,13,17,1,2,6,3,30,21,23
256050,9/3/19,3/17/09,10,13,1,2,6,3,12,17,20
257023,6/21/19,4/3/10,9,7,1,3,7,4,29,18,17
257024,6/20/19,11/26/09,9,7,2,2,7,4,15,17,18
257025,7/2/19,7/31/10,8,7,2,1,7,4,11,17,20
257032,6/26/19,12/3/09,9,7,1,3,2,4,23,18,18
258007,6/7/19,9/1/01,17,26,1,1,7,4,30,18,20
258019,6/30/19,5/16/02,17,22,1,1,7,4,28,18,21
258032,8/6/19,4/9/11,8,5,1,1,3,4,9,5,10
258033,8/6/19,7/14/08,11,11,2,4,3,4,30,17,18
259010,6/10/19,7/16/12,6,4,2,3,2,3,25,17,15
259015,6/16/19,5/19/10,9,8,1,2,7,3,27,18,18
259016,6/18/19,11/26/03,15,20,2,1,7,3,31,20,20
259017,6/18/19,3/14/08,11,12,1,1,7,3,29,15,12
259018,6/18/19,5/14/10,9,8,2,1,7,3,9,11,17
259019,6/19/19,8/10/10,8,8,2,2,7,3,20,16,19
259020,6/19/19,8/10/10,8,8,2,2,7,3,21,16,18
259021,6/20/19,3/21/03,16,22,1,2,7,3,29,16,18
259022,6/21/19,3/1/02,17,24,2,3,7,3,39,26,25
259024,6/24/19,10/6/00,18,26,2,2,6,3,38,25,16
259025,6/26/19,11/3/09,9,8,2,1,7,3,7,13,16
259030,6/30/19,5/14/10,9,8,1,3,2,3,26,12,16
259032,6/30/19,3/25/06,13,15,1,3,2,3,30,16,20
259033,7/5/19,3/8/13,6,3,2,2,7,3,11,18,20
259036,7/8/19,10/17/12,6,3,2,4,2,3,13,16,15
259037,7/9/19,3/25/12,7,3,1,2,7,3,1,13,12
259038,7/9/19,11/20/07,11,11,1,2,7,3,5,14,16
259039,7/10/19,9/30/08,10,11,1,4,6,3,21,16,14
259040,7/10/19,9/17/05,13,19,1,4,2,3,29,22,16
259041,7/10/19,6/26/06,13,17,1,4,2,3,28,19,16
259042,7/10/19,12/10/09,9,11,1,2,2,3,30,16,16
259043,7/11/19,9/28/04,14,17,1,2,7,3,19,15,20
259044,7/11/19,10/6/09,9,9,2,2,7,3,14,16,19
259046,7/23/19,4/30/10,9,9,1,3,2,1,14,16,19
259047,7/23/19,6/1/12,7,5,1,3,2,1,6,16,23
259048,7/28/19,1/15/08,11,13,1,4,2,3,5,19,20
259049,8/1/19,11/26/12,6,3,2,3,2,3,22,15,19
259050,8/4/19,4/23/13,6,3,2,4,3,3,1,14,15
260001,5/18/19,11/26/07,11,12,1,1,3,3,26,20,25
260002,5/19/19,5/15/11,8,6,2,4,3,3,20,25,22
260003,5/20/19,9/3/09,9,8,2,1,3,3,23,27,18
260005,6/20/19,5/17/12,7,6,2,3,2,3,10,18,21
260007,6/27/19,7/21/11,7,3,1,4,3,3,4,14,10
260009,5/24/19,12/19/09,9,8,2,1,3,3,19,25,21
260016,6/11/19,6/6/11,8,6,1,3,3,3,6,21,21
260017,6/20/19,6/27/11,7,6,1,3,3,3,23,23,24
261001,6/4/19,9/11/09,9,8,1,3,7,4,26,15,14
261002,6/4/19,8/25/10,8,8,2,3,7,4,29,19,17
261003,7/11/19,5/15/13,6,3,2,3,7,4,1,12,8
261004,6/3/19,3/17/01,18,26,2,4,3,4,34,23,19
261006,6/3/19,10/1/10,8,6,2,3,3,4,24,16,19
261007,6/6/19,9/1/10,8,8,2,4,3,4,11,17,24
261008,6/6/19,6/1/11,8,6,2,3,3,4,19,17,18
261009,6/10/19,12/9/10,8,6,1,4,3,4,10,15,20
261010,6/11/19,8/17/10,8,6,1,3,3,4,15,18,22
261011,6/11/19,8/5/05,13,18,1,4,3,4,31,22,20
261012,6/11/19,8/31/06,12,16,1,3,3,4,24,15,20
261013,6/12/19,8/29/08,10,12,1,2,3,4,25,16,23
261014,6/12/19,4/18/05,14,18,1,2,3,4,31,19,18
261015,6/12/19,4/3/01,18,26,1,3,7,4,38,26,26
261017,6/13/19,9/10/10,8,6,1,3,7,4,3,16,15
261018,6/13/19,11/1/02,16,22,2,3,7,4,30,19,16
261019,6/14/19,11/7/06,12,14,1,3,7,4,27,17,21
261020,6/14/19,8/12/03,15,22,2,3,7,4,33,23,22
261021,6/14/19,11/14/01,17,26,2,3,7,4,39,29,26
261022,6/17/19,5/28/08,11,14,1,4,3,4,25,19,18
261023,6/18/19,9/26/07,11,14,2,3,3,4,25,14,17
261024,6/30/19,1/24/08,11,11,2,4,3,4,27,17,21
261025,6/30/19,1/24/08,11,11,2,4,3,4,28,19,21
261026,6/19/19,1/27/05,14,16,1,3,7,4,31,22,25
261027,7/1/19,10/22/12,6,3,1,4,3,4,3,16,18
261028,7/1/19,5/29/10,9,9,2,4,3,4,24,16,22
261029,6/20/19,5/6/04,15,20,2,4,3,4,33,23,26
261030,7/1/19,9/3/07,11,13,1,4,3,4,31,19,19
261033,6/24/19,12/31/06,12,14,1,4,3,4,21,17,22
261035,6/25/19,2/3/03,16,22,2,4,3,4,31,17,17
261036,7/1/19,5/24/08,11,13,1,3,7,4,31,15,23
261037,6/26/19,5/30/10,9,8,2,3,3,4,7,16,18
261039,7/1/19,10/15/07,11,13,1,4,3,4,29,17,17
261040,6/27/19,10/5/05,13,16,2,4,3,4,34,22,23
261041,6/27/19,9/2/03,15,22,2,2,3,4,38,25,22
261042,7/1/19,5/9/08,11,13,1,3,3,4,23,14,22
261043,6/28/19,10/1/01,17,26,1,3,3,4,35,16,19
261044,7/2/19,4/27/07,12,13,1,2,3,4,23,14,18
261045,7/2/19,11/25/07,11,13,1,2,7,4,23,16,18
261046,7/3/19,11/13/12,6,3,2,3,3,4,2,15,14
261047,7/9/19,5/11/06,13,17,2,2,3,4,29,19,27
261048,7/9/19,6/24/07,12,15,2,3,7,4,30,22,27
261049,7/10/19,12/19/06,12,15,2,2,5,4,22,21,23
262004,5/28/19,5/13/13,6,4,2,4,3,3,11,15,17
262008,6/5/19,11/16/12,6,4,2,4,3,2,4,17,20
262009,6/5/19,10/7/11,7,6,1,4,2,2,5,16,17
262010,6/5/19,9/25/09,9,12,2,4,3,2,31,23,19
262011,6/9/19,9/7/07,11,16,1,4,3,2,32,22,23
262012,6/9/19,3/31/06,13,16,1,4,3,2,30,25,18
262013,6/9/19,6/2/07,12,14,1,4,3,2,19,21,18
262014,6/11/19,10/16/12,6,6,1,4,3,2,3,17,10
262015,6/11/19,7/5/09,9,12,1,4,3,2,7,20,19
262016,6/11/19,1/31/11,8,8,2,4,3,2,3,14,18
262021,6/17/19,5/16/05,14,20,1,2,3,3,30,19,22
262022,6/19/19,1/26/07,12,16,1,3,3,3,30,17,16
262024,6/26/19,1/29/10,9,8,2,3,6,3,13,17,19
262025,6/26/19,4/4/08,11,12,1,3,6,3,30,14,19
262035,9/10/19,7/2/10,9,7,2,3,3,3,28,20,21
262036,9/10/19,6/4/09,10,11,2,3,3,3,34,23,24
262042,9/13/19,9/14/10,9,7,2,4,2,2,7,18,18
262046,9/19/19,1/13/06,13,17,1,4,3,3,27,24,20
262048,9/19/19,2/9/11,8,7,2,4,3,3,4,16,19
262052,10/3/19,11/25/09,9,9,2,4,3,3,14,16,20
262059,9/20/19,7/20/10,9,9,1,4,3,3,18,15,24
262064,10/1/19,8/3/09,10,11,2,4,6,3,22,17,20
262070,9/27/19,8/9/06,13,15,1,3,7,3,31,18,20
262072,9/27/19,8/17/11,8,7,1,3,3,3,25,16,22
262073,10/4/19,11/16/10,8,7,2,4,3,3,19,15,19
262074,10/3/19,12/22/09,9,9,2,4,3,3,29,16,23
263001,6/25/19,3/30/04,15,23,1,1,1,3,30,20,15
263002,6/25/19,11/23/01,17,25,1,1,7,3,30,17,18
263003,6/25/19,5/23/02,17,25,1,1,7,3,21,16,18
263004,6/26/19,5/2/02,17,23,1,1,6,3,26,13,16
263005,6/26/19,4/18/02,17,21,1,1,1,3,28,17,17
263006,6/26/19,8/24/02,16,23,1,1,1,3,22,16,21
263007,6/26/19,10/23/02,16,23,1,1,1,3,19,15,23
264002,5/20/19,3/9/01,18,26,2,1,6,3,38,29,27
264003,5/21/19,7/29/03,15,22,1,1,3,3,34,21,27
264007,5/24/19,6/28/04,14,18,1,4,3,3,26,18,21
264012,5/27/19,8/8/11,7,6,2,4,3,3,6,12,10
264027,6/10/19,12/11/06,12,14,2,3,3,3,31,23,19
264037,6/18/19,6/4/05,14,16,1,3,6,3,30,19,27
264045,6/26/19,11/16/02,16,20,1,4,3,3,32,24,27
264047,7/18/19,9/6/09,9,7,2,3,3,3,2,15,14
264048,7/18/19,1/10/06,13,15,1,3,3,3,30,23,19
265001,5/29/19,10/13/06,12,16,2,4,3,2,24,16,15
265002,5/30/19,1/9/07,12,14,2,2,3,2,26,18,22
265003,6/4/19,10/22/06,12,14,2,4,3,2,23,16,15
265004,6/5/19,9/21/05,13,18,2,4,3,2,30,17,19
265005,6/6/19,7/6/07,11,14,2,2,3,2,28,23,19
265006,6/7/19,7/4/07,11,14,1,4,3,2,28,19,18
265007,6/10/19,7/15/06,12,16,1,4,3,2,30,16,19
265008,6/26/19,7/28/06,12,16,2,4,2,2,33,16,14
265009,6/14/19,1/19/08,11,14,1,4,3,2,31,17,17
265010,6/18/19,7/29/07,11,14,2,4,3,2,32,16,15
265011,6/25/19,9/26/04,14,20,2,4,3,2,30,19,19
265012,6/19/19,8/30/11,7,6,2,4,3,2,26,23,16
265013,6/19/19,10/16/06,12,16,1,4,2,2,32,21,23
265014,6/20/19,6/15/10,9,6,2,4,3,2,16,22,21
265015,6/19/19,1/28/12,7,4,2,4,3,2,6,18,16
265016,6/25/19,1/5/11,8,6,1,4,3,2,6,14,19
265017,7/8/19,2/23/05,14,19,1,2,2,2,15,18,15
265018,8/6/19,3/2/08,11,13,2,4,2,2,32,18,18
265019,8/15/19,2/18/13,6,3,1,4,3,2,6,14,14
265020,9/4/19,9/26/08,10,13,2,4,3,2,22,17,16
265021,9/9/19,8/11/03,16,23,1,4,3,2,33,19,16
266003,5/26/19,12/23/10,8,5,1,4,2,3,8,17,18
266004,5/30/19,11/28/11,7,3,1,4,2,3,20,16,17
266005,5/24/19,1/20/10,9,5,1,3,2,3,7,16,15
266006,5/24/19,11/24/03,15,19,2,3,2,3,28,17,21
266008,5/25/19,6/15/01,17,23,1,3,2,3,32,16,13
266009,5/25/19,12/20/06,12,15,2,3,2,3,28,15,16
266010,3/25/19,1/31/03,16,21,2,3,2,3,29,18,12
266011,5/27/19,2/5/03,16,19,2,3,2,3,30,17,14
266012,6/24/19,1/20/04,15,19,2,4,2,3,31,19,17
266013,6/25/19,1/31/11,8,5,1,1,2,3,13,16,15
266014,9/2/19,9/11/02,16,23,1,1,2,3,44,23,19
266015,6/25/19,9/30/11,7,3,1,3,2,3,3,17,16
266016,6/25/19,12/6/10,8,5,1,2,2,3,14,16,14
266017,9/26/19,12/6/11,7,5,2,2,2,3,6,19,18
266019,11/11/19,1/16/11,8,4,1,1,2,3,13,16,17
267001,8/11/19,9/30/03,15,21,2,2,3,4,38,24,24
267002,8/11/19,10/27/03,15,21,2,3,3,4,36,24,24
267003,8/12/19,6/11/08,11,13,2,4,3,4,24,19,21
267004,8/12/19,6/9/07,12,15,2,4,3,4,30,19,18
267005,8/13/19,12/25/04,14,19,1,4,7,4,38,27,24
267006,8/14/19,12/5/04,14,19,1,4,3,4,33,17,17
267007,8/17/19,2/11/05,14,19,2,4,3,4,34,21,23
267008,8/20/19,8/30/07,11,13,1,4,3,4,24,18,21
267009,8/20/19,11/21/06,12,15,1,3,1,4,33,24,16
267010,8/20/19,3/28/04,15,21,1,3,1,4,33,23,20
267011,8/21/19,5/10/04,15,19,1,4,6,4,20,17,22
267012,8/24/19,5/18/03,16,23,1,4,3,4,13,21,25
267014,8/31/19,9/18/04,14,21,2,3,3,4,38,21,24
267016,8/31/19,1/16/05,14,19,1,4,3,4,28,26,22
267017,9/1/19,5/21/02,17,25,2,4,6,4,34,23,20
267018,9/1/19,3/29/06,13,17,2,4,6,4,32,19,19
267019,9/1/19,5/14/04,15,21,2,4,6,4,38,19,22
267020,9/14/19,9/30/06,12,15,1,3,7,4,33,24,20
267021,9/14/19,8/25/05,14,19,1,4,3,4,34,26,26
267022,1/6/20,12/4/03,16,22,1,4,3,4,25,23,27
267023,1/9/20,12/26/04,15,20,1,3,3,4,31,23,22
267024,1/12/20,3/31/08,11,14,2,3,3,4,31,22,17
268006,7/4/19,7/28/12,6,5,2,2,7,2,14,17,21
268007,7/7/19,11/11/06,12,15,2,4,7,2,26,25,19
268008,7/7/19,10/7/02,16,23,1,4,7,2,27,27,19
269002,8/5/19,11/3/07,11,13,1,4,3,3,32,27,22
269003,8/19/19,6/21/05,14,19,2,4,3,3,29,23,20
269004,8/1/19,5/14/03,16,23,3,4,3,3,33,24,19
269005,7/30/19,12/19/05,13,17,1,3,3,3,30,19,19
269007,7/31/19,7/25/02,17,25,2,4,3,3,40,27,25
269008,7/24/19,1/29/08,11,13,2,4,3,3,29,18,19
269009,8/14/19,9/18/06,12,17,2,4,2,3,27,21,16
271001,8/7/19,12/23/11,7,5,1,3,3,1,1,17,18
271002,7/7/19,12/28/06,12,15,2,4,3,1,33,21,26
271003,8/7/19,6/14/07,12,15,2,3,3,1,28,17,20
271004,8/7/19,1/4/07,12,15,2,4,3,1,25,23,22
271005,7/5/19,7/31/07,11,15,2,4,3,1,25,17,18
271006,7/14/19,6/29/06,13,17,1,4,3,4,34,25,22
271007,7/3/19,6/28/05,14,19,2,4,3,1,30,21,25
271008,6/29/19,10/24/04,14,18,1,4,3,1,37,22,22
271009,7/2/19,4/15/04,15,19,1,4,3,1,7,17,20
271010,6/29/19,7/27/01,17,26,1,4,3,1,41,21,15
271011,8/6/19,1/23/06,13,17,2,4,3,1,40,23,21
271015,8/12/19,12/8/05,13,17,2,4,3,1,40,26,28
301001,6/30/19,4/25/11,8,6,2,4,3,3,19,17,23
302009,7/5/19,5/5/10,9,7,1,3,6,3,6,17,11
302010,7/29/19,6/20/11,8,7,2,4,3,3,18,16,23
302012,8/9/19,5/29/10,9,7,1,3,3,3,17,16,19
302015,7/1/19,5/13/09,10,11,2,4,3,3,13,18,25
302016,7/26/19,6/18/08,11,11,1,4,3,3,25,17,16
302017,8/9/19,5/1/09,10,11,1,3,2,3,26,15,15
302019,7/18/19,3/19/08,11,13,2,3,2,3,28,15,13
302022,8/9/19,10/10/07,11,13,2,3,3,3,33,17,24
302023,8/9/19,10/10/07,11,13,2,3,3,3,35,21,18
302024,8/31/19,4/16/08,11,13,1,4,3,3,21,21,16
302025,7/5/19,3/24/07,12,15,1,3,6,3,30,22,21
302026,8/5/19,12/11/06,12,15,2,4,7,3,29,18,19
302028,8/6/19,4/29/05,14,19,2,4,3,3,32,26,28
302029,7/17/19,1/25/03,16,21,1,4,6,3,13,10,17
302031,8/24/19,9/9/04,14,21,2,4,3,3,31,28,29
302033,9/1/19,3/17/03,16,23,2,4,3,3,37,25,21
305001,7/3/19,6/21/11,8,7,1,4,3,4,25,20,17
305002,7/3/19,5/17/03,16,23,2,4,3,4,35,26,24
305003,7/5/19,2/26/09,10,11,2,4,3,4,28,16,14
305004,7/5/19,11/29/10,8,7,1,4,3,4,18,21,16
305006,7/6/19,9/21/08,10,13,2,4,3,4,33,19,16
305007,7/8/19,8/7/03,15,21,2,4,3,4,32,20,17
305008,7/9/19,8/30/05,13,19,2,3,3,4,26,19,26
305009,7/9/19,1/15/08,11,13,2,3,3,4,9,20,21
305010,8/13/19,2/3/08,11,13,1,4,3,4,23,16,20
305012,7/15/19,4/13/10,9,9,1,4,3,4,25,17,19
305013,7/15/19,5/11/11,8,7,2,4,3,4,7,18,18
305016,7/16/19,4/9/03,16,23,1,4,3,4,39,24,17
305017,7/16/19,4/12/07,12,13,1,4,3,4,14,18,28
305018,7/17/19,9/16/09,9,9,1,4,3,4,31,23,17
305021,7/18/19,11/13/03,15,23,1,4,2,4,33,22,17
305023,7/19/19,12/10/09,9,9,1,4,3,4,29,15,15
305024,7/22/19,6/17/04,15,21,2,4,3,4,32,18,14
305025,7/26/19,4/4/09,10,11,1,4,3,4,40,23,19
305027,7/31/19,1/15/10,9,9,2,4,3,4,24,18,19
305028,8/11/19,2/15/07,12,15,1,4,3,4,33,22,17
305029,8/11/19,2/15/07,12,15,1,4,3,4,35,22,27
307001,9/21/19,11/10/11,7,5,2,2,3,1,12,19,23
307002,9/14/19,6/22/12,7,5,1,4,3,1,4,15,19
307003,9/19/19,8/4/12,7,5,1,2,3,1,4,15,18
307004,8/14/19,8/25/12,6,5,1,3,3,1,3,16,17
307005,9/1/19,1/4/08,11,13,2,4,3,1,25,18,27
307006,8/23/19,7/10/08,11,13,2,4,3,1,18,17,19
307007,8/11/19,6/1/07,12,15,2,4,3,1,40,25,21
307008,9/15/19,4/8/10,9,9,2,4,3,1,24,19,23
307009,8/21/19,3/30/07,12,15,2,4,3,1,31,18,19
307010,9/12/19,1/21/07,12,15,2,2,3,1,31,17,23
307011,9/15/19,12/1/06,12,15,1,4,3,1,30,16,18
307012,8/20/19,9/22/05,13,17,1,4,3,1,31,19,25
307013,9/8/19,3/29/06,13,17,1,4,3,1,31,19,21
307014,9/8/19,1/28/06,13,17,2,3,3,1,31,17,17
307015,9/21/19,2/22/10,9,9,2,2,7,1,21,17,15
307016,9/2/19,6/27/03,16,23,2,4,3,1,32,21,23
307017,10/4/19,3/5/07,12,15,2,2,3,1,30,22,25
309001,8/10/19,3/20/09,10,11,2,3,3,3,28,18,23
309003,8/11/19,7/3/04,15,21,2,3,3,3,23,23,20
309005,8/12/19,6/23/08,11,13,2,2,7,3,25,21,29
309006,8/13/19,10/30/06,12,15,1,2,1,3,33,24,20
309007,8/13/19,3/9/06,13,17,2,2,1,3,34,19,12
309009,8/13/19,1/16/08,11,13,1,3,1,3,31,21,18
309010,8/15/19,10/28/07,11,13,1,1,2,3,25,19,18
309011,8/16/19,5/25/02,17,25,2,1,7,3,32,18,29
309012,8/16/19,11/22/02,16,23,2,1,7,3,31,29,28
309013,8/16/19,12/13/05,13,17,1,1,7,3,29,18,23
309017,8/18/19,3/7/09,10,11,2,3,3,3,41,29,29
309018,8/18/19,7/9/03,16,23,2,3,3,3,36,29,29
309019,8/18/19,5/9/06,13,17,2,3,3,3,31,20,23
309020,8/19/19,4/17/10,9,9,2,2,1,3,29,29,18
309022,8/21/19,1/24/03,16,23,2,3,3,3,37,29,29
309023,8/21/19,2/6/03,16,23,2,1,2,3,37,29,29
309024,8/22/19,1/23/10,9,9,2,3,1,3,25,10,12
309025,8/22/19,6/4/10,9,9,2,3,1,3,22,26,19
309027,8/22/19,10/20/11,7,7,2,2,1,3,9,23,19
309028,8/23/19,3/15/02,17,23,2,3,7,3,37,29,29
309030,8/23/19,6/1/05,14,19,2,2,7,3,41,27,29
309031,8/29/19,9/22/06,12,15,2,2,3,3,22,19,10
309032,8/30/19,7/5/08,11,13,2,2,2,3,30,29,29
309034,8/30/19,4/22/11,8,7,2,2,2,3,18,17,16
309037,8/31/19,2/3/02,17,23,2,1,3,3,37,29,29
309038,8/31/19,2/28/03,16,21,2,1,3,3,35,29,29
309040,8/31/19,11/27/04,14,21,1,3,3,3,30,24,29
309041,9/4/19,9/4/08,11,13,2,1,3,3,34,29,29
309042,9/4/19,4/13/08,11,13,2,3,3,3,26,19,19
309044,9/6/19,7/27/09,10,11,1,3,3,3,31,29,29
309045,9/8/19,4/22/08,11,13,2,3,3,3,29,23,29
309046,9/8/19,11/21/05,13,17,2,3,3,3,32,29,29
309047,9/8/19,2/27/04,15,21,2,3,3,3,41,29,29
309048,9/8/19,1/5/04,15,19,2,2,3,3,32,25,23
309049,9/8/19,12/28/04,14,19,1,3,3,3,39,29,29
310001,9/3/19,3/12/11,8,7,2,4,1,4,18,13,14
310002,9/11/19,2/20/11,8,7,2,4,1,4,16,15,18
310003,9/16/19,9/26/10,8,7,2,4,3,4,7,16,18
310004,9/26/19,4/2/11,8,7,1,3,5,4,20,16,19
310006,10/1/19,2/8/11,8,7,1,4,1,4,23,18,19
313002,11/2/19,8/3/10,9,7,1,4,3,2,5,19,17
313004,11/2/19,9/9/10,9,7,1,3,3,2,11,15,17
313005,11/12/19,4/27/02,17,25,1,4,3,2,30,23,25
313006,11/23/19,12/11/07,11,13,2,3,6,2,24,20,23
313008,11/23/19,4/5/10,9,9,2,3,6,2,24,16,20
313009,11/29/19,5/26/06,13,17,2,2,3,2,31,24,23
313010,12/1/19,9/25/03,16,21,2,3,3,2,8,23,24
313011,12/1/19,5/17/09,10,11,1,4,3,2,20,15,18
313012,12/1/19,5/6/04,15,21,1,4,3,2,28,26,22
313013,12/14/19,1/18/11,8,7,2,4,2,2,7,17,19
313014,12/14/19,1/24/07,12,15,1,2,3,2,7,18,24
313015,12/14/19,7/22/05,14,17,1,2,3,2,30,24,24
313016,12/21/19,8/28/06,13,15,1,4,3,2,24,19,14
313017,12/21/19,7/7/09,10,9,1,4,3,2,6,20,13
313020,12/28/19,10/1/09,10,9,1,4,3,2,1,16,20
313026,2/1/20,7/25/04,15,20,2,4,3,2,30,23,24
314003,11/10/19,6/24/08,11,13,2,3,3,2,30,24,22
314005,12/8/19,7/27/06,13,17,2,3,6,2,26,15,11
314006,12/28/19,8/22/06,13,17,2,3,7,2,31,23,19
314011,12/30/19,12/6/08,11,11,2,3,3,2,27,21,21
314013,1/6/20,4/19/07,12,14,1,3,3,2,27,17,14
314015,1/10/20,12/10/07,12,14,1,4,1,2,30,22,26
315007,12/13/19,3/17/09,10,11,1,2,7,4,28,23,25
316002,11/16/19,3/13/10,9,9,1,3,3,4,25,19,19
316005,11/29/19,10/20/08,11,11,2,3,3,4,32,27,23
316006,11/30/19,1/22/06,13,17,1,3,3,4,37,24,19
316007,11/30/19,6/26/04,15,21,2,3,3,4,37,25,26
316010,11/16/19,9/19/04,15,19,1,3,7,4,29,23,26
316011,11/16/19,12/31/09,9,9,1,3,7,4,21,15,18
316012,1/11/20,4/11/03,16,24,2,3,3,4,38,24,25
316013,1/11/20,11/1/06,13,16,2,3,3,4,32,26,26
316014,1/4/20,3/23/07,12,16,2,2,6,4,31,19,16
317001,10/26/19,9/27/04,15,21,2,3,6,2,32,24,21
317002,11/14/19,8/11/10,9,9,2,3,7,2,13,17,18
317003,10/30/19,11/21/08,10,11,1,3,7,2,26,16,18
317004,11/1/19,3/9/07,12,15,2,2,3,2,8,17,24
317006,11/1/19,12/18/09,9,9,1,3,3,2,5,22,19
317007,11/3/19,4/15/11,8,7,2,3,7,2,7,15,22
317009,1/7/20,3/14/11,8,8,2,2,3,2,29,22,21
317010,11/14/19,3/29/07,12,15,1,3,7,2,26,16,21
317013,1/5/20,5/20/03,16,24,2,4,3,2,36,16,26
317014,1/5/20,9/10/06,13,16,2,4,3,2,31,14,20
317015,1/19/20,4/5/10,9,10,1,4,3,2,24,13,19
318002,11/4/19,3/16/09,10,9,1,2,3,3,21,17,14
318003,11/4/19,2/2/06,13,17,1,2,3,3,25,24,26
318004,11/4/19,12/19/06,12,15,1,2,3,3,24,20,26
318008,11/29/19,11/19/03,16,19,1,3,3,3,25,17,18
318009,11/30/19,4/7/10,9,9,2,3,3,3,23,21,25
318014,12/23/19,1/4/11,8,8,2,3,3,3,25,19,20
318016,12/30/19,8/9/07,12,16,2,3,3,3,32,24,19
319002,12/28/19,8/25/11,8,7,2,3,7,4,26,23,18
319003,12/30/19,7/9/11,8,7,1,3,2,4,15,16,17
319004,12/30/19,7/14/10,9,9,1,3,7,4,19,17,21
319005,12/28/19,7/9/10,9,9,1,3,3,4,23,25,24
319006,12/30/19,11/13/08,11,11,2,3,7,4,5,15,17
319007,12/31/19,7/12/05,14,19,1,3,3,4,29,28,25
319008,12/31/19,4/10/03,16,23,2,3,3,4,29,29,26
319010,12/29/19,7/28/08,11,11,1,3,3,4,35,27,27
321001,11/16/19,10/29/10,9,7,1,3,3,3,20,20,19
321002,11/16/19,5/3/05,14,19,2,3,3,3,34,29,26
321003,11/23/19,2/9/04,15,19,1,2,3,3,34,23,28
321004,11/23/19,11/26/02,16,21,1,3,3,3,29,18,20
321005,12/15/19,2/10/10,9,9,2,2,3,3,26,21,27
321006,11/26/19,1/19/05,14,19,2,3,3,3,30,27,21
321007,11/26/19,3/31/11,8,7,1,3,4,3,30,22,23
321008,12/4/19,10/22/09,10,9,1,2,3,3,25,18,18
321009,12/6/19,6/16/10,9,9,1,2,7,3,30,21,19
321010,12/6/19,9/12/04,15,19,2,2,7,3,35,27,27
321011,12/7/19,8/1/06,13,15,1,2,7,3,32,23,27
321013,12/9/19,9/20/04,15,19,2,1,7,3,34,19,18
321014,12/13/19,6/22/03,16,23,2,2,2,3,31,27,18
321015,12/15/19,9/28/11,8,5,1,2,2,3,11,18,18
323001,1/10/20,8/21/10,9,10,1,2,2,3,9,17,20
323002,1/14/20,1/28/09,10,10,2,1,2,3,6,17,16
323004,1/17/20,5/28/09,10,12,1,2,6,3,20,15,16
323007,1/14/20,9/16/07,12,12,1,2,3,3,15,14,20
323008,2/7/20,6/8/10,9,10,1,2,3,3,17,17,20
323013,2/10/20,7/6/09,10,12,1,2,3,3,21,15,5
323014,2/11/20,12/5/08,11,12,2,2,2,3,20,17,17
323015,2/12/20,12/22/07,12,12,2,2,3,3,17,16,18
323016,2/14/20,7/6/09,10,12,1,2,3,3,29,21,24
325002,1/6/20,6/27/07,12,16,1,1,3,2,18,20,21
325004,1/13/20,5/27/11,8,8,1,2,3,2,14,25,17
325009,1/21/20,4/13/11,8,8,1,3,3,2,5,16,14
325011,2/23/20,3/17/11,8,8,1,2,3,2,26,19,17
325013,1/15/20,1/15/08,12,14,2,2,3,2,21,19,22
325014,1/15/20,8/25/08,11,14,1,2,3,2,18,18,20
325015,1/28/20,5/27/11,8,8,1,2,3,2,12,26,20
325016,1/30/20,2/15/10,9,10,2,2,3,2,21,17,23
325018,2/11/20,7/26/08,11,12,2,2,3,2,1,17,13
326001,11/25/19,4/23/08,11,14,2,1,7,1,5,15,10
326002,11/26/19,11/2/09,10,8,2,1,7,1,1,8,6
326003,12/14/19,6/1/11,8,8,2,2,7,1,9,10,9
326004,12/13/19,3/4/11,8,8,1,2,7,1,8,5,5
326005,12/16/19,6/5/06,13,18,1,2,3,1,34,22,24
326008,12/17/19,8/8/09,10,12,1,1,7,1,29,17,14
326011,1/10/20,12/3/11,8,6,2,2,7,1,2,7,6
326021,2/12/20,9/9/12,7,4,1,2,7,1,4,1,5
326028,3/3/20,5/13/12,7,4,1,2,3,1,11,8,5
326031,3/11/20,4/6/13,6,4,1,1,7,1,1,1,1
327001,11/30/19,1/27/09,10,11,1,4,3,4,29,26,29
327002,12/1/19,1/10/06,13,17,2,2,3,4,23,26,28
327005,12/9/19,1/11/09,10,11,2,2,7,4,21,27,29
327008,12/21/19,7/11/11,8,8,2,2,3,4,6,28,27
327009,12/21/19,6/11/07,12,14,1,2,3,4,16,27,27
327010,12/20/19,10/26/10,9,6,2,2,7,4,6,26,28
327011,1/10/20,9/7/08,11,12,1,2,3,4,7,28,29
327012,1/13/20,9/24/09,10,10,1,2,3,4,12,25,28
327014,1/10/20,9/27/10,9,8,1,3,3,4,25,24,20
327015,1/11/20,12/21/10,9,8,1,2,7,4,3,23,29
327016,1/11/20,7/12/11,8,8,1,2,3,4,15,24,27
327017,1/12/20,6/14/11,8,8,1,2,3,4,8,23,21
327018,1/13/20,9/7/10,9,8,1,2,3,4,5,18,24
327019,1/13/20,9/13/10,9,8,1,2,7,4,26,23,27
327020,1/13/20,6/11/11,8,8,2,2,7,4,19,17,27
327021,1/14/20,12/13/10,9,8,2,2,3,4,3,20,21
327022,1/14/20,11/5/10,9,8,2,1,7,4,1,17,17
327023,1/14/20,12/22/10,9,8,1,2,6,4,8,26,24
327026,1/25/20,2/5/09,10,12,1,3,3,4,31,23,29
327027,2/10/20,8/15/12,7,6,1,1,3,4,6,24,24
327028,2/11/20,9/5/11,8,6,2,2,3,4,4,27,27
327030,2/17/20,7/27/06,13,16,1,2,3,4,22,25,19
327031,2/24/20,12/4/08,11,12,1,2,3,4,17,22,19
327032,2/17/20,4/6/02,17,26,2,3,3,4,33,27,24
327034,2/18/20,11/22/11,8,6,1,2,3,4,26,24,21
327036,2/19/20,7/18/07,12,14,1,1,1,4,28,21,16
327037,2/19/20,11/10/05,14,16,1,1,1,4,29,20,23
327039,2/20/20,2/19/08,12,12,2,3,1,4,24,26,29
327040,2/20/20,12/1/03,16,24,2,2,1,4,32,29,29
327042,2/20/20,12/20/01,18,26,1,3,3,4,42,26,20
327043,2/22/20,5/16/05,14,20,2,2,3,4,33,26,29
327044,2/23/20,9/8/09,10,10,2,2,7,4,30,21,27
327045,3/2/20,9/2/09,10,10,2,1,7,4,22,25,19
327046,3/2/20,9/2/09,10,10,2,1,7,4,15,25,24
327047,2/24/20,2/28/11,8,8,1,2,7,4,4,10,20
327048,2/23/20,7/16/08,11,12,1,3,3,4,27,23,25
327049,2/24/20,3/16/04,15,22,2,2,3,4,33,27,28
327050,2/28/20,12/19/12,7,4,1,1,3,4,4,18,20
328010,3/12/20,8/28/07,12,14,2,2,3,3,25,15,19
328011,3/13/20,5/17/11,8,8,1,3,3,3,9,23,26
328012,3/13/20,10/14/11,8,6,1,2,3,3,14,18,26
329002,12/20/19,8/7/07,12,15,1,3,7,4,31,20,24
329003,12/19/19,4/13/07,12,15,2,3,3,4,29,22,24
329004,1/28/20,5/26/09,10,12,2,3,3,4,28,22,28
329006,3/6/20,2/14/04,16,22,2,3,7,4,31,20,28
329007,2/20/20,2/13/08,12,12,1,3,7,4,31,19,20
329008,2/27/20,10/14/05,14,20,1,3,7,4,30,19,23
329014,2/26/20,2/13/08,12,14,1,3,7,4,28,14,22
329017,2/27/20,7/11/07,12,16,1,3,7,4,22,14,23
329018,2/14/20,12/14/06,13,16,2,3,7,4,29,25,28
330001,3/6/20,6/11/07,12,16,2,1,7,3,29,15,15
330002,2/28/20,12/14/06,13,16,1,3,3,3,31,12,17
330003,2/28/20,3/2/10,9,10,1,3,3,3,15,16,18
330004,2/29/20,12/27/08,11,12,1,3,3,3,21,16,18
330006,3/5/20,3/3/09,11,12,1,2,7,3,20,14,16
330007,2/10/20,9/24/05,14,20,2,2,7,3,33,16,16
330008,1/22/20,9/5/10,9,8,1,3,7,3,20,13,19
330009,2/15/20,9/28/08,11,12,1,2,7,3,24,17,19
330010,2/3/20,1/22/12,8,6,1,2,7,3,17,15,15
330011,2/10/20,12/26/02,17,24,1,1,7,3,36,14,18
330012,1/25/20,10/12/09,10,10,1,2,7,3,25,16,19
330013,3/10/20,9/20/04,15,20,1,1,7,3,30,14,11
330014,3/15/20,9/17/04,15,20,2,2,3,3,32,18,16
331002,1/30/20,5/13/13,6,4,1,2,3,3,1,13,1
331003,2/18/20,10/24/11,8,6,2,3,3,3,6,15,18
331004,1/6/20,1/11/12,7,6,2,3,3,3,7,17,19
331005,1/23/20,11/23/10,9,8,2,3,3,3,29,17,20
331007,12/18/19,11/3/09,10,10,1,3,3,3,24,17,18
331008,1/6/20,2/15/10,9,10,1,3,3,3,29,17,17
331009,2/9/20,6/29/09,10,12,2,3,3,3,25,21,21
331011,12/26/19,9/14/07,12,14,1,3,3,3,16,17,18
331012,12/26/19,2/25/07,12,16,2,3,3,3,35,22,22
331013,12/18/19,8/4/06,13,18,2,3,3,3,25,18,18
331014,12/18/19,5/19/05,14,18,2,3,3,3,30,18,18
331015,1/9/20,12/17/04,15,20,2,3,3,3,29,18,17
331016,1/9/20,2/23/03,16,24,2,3,3,3,35,23,18
333008,1/18/20,11/28/09,10,10,2,3,3,3,7,18,18
333009,1/26/20,7/16/03,16,24,2,3,3,3,32,17,19
333012,2/16/20,5/7/09,10,12,2,3,3,3,28,15,18
336001,12/8/19,8/20/09,10,12,1,2,3,3,30,19,20
336002,12/8/19,8/22/09,10,12,1,2,3,3,27,19,16
336004,12/11/19,7/6/07,12,14,1,1,3,3,16,18,12
336005,12/8/19,8/20/07,12,16,1,2,3,3,27,22,26
336007,2/5/20,5/11/05,14,20,2,3,7,3,30,18,19
336008,1/5/20,7/5/05,14,20,2,2,7,3,31,20,19
336010,2/12/20,8/15/06,13,18,1,3,3,3,38,27,28
336011,2/12/20,6/9/04,15,22,2,3,3,3,36,21,21
336012,2/10/20,10/20/09,10,12,2,3,7,3,31,16,27
336013,2/10/20,12/15/06,13,16,1,3,7,3,29,23,22
336016,2/25/20,5/20/08,11,14,1,2,7,3,27,17,18
336017,3/12/20,5/4/06,13,18,2,2,7,3,31,18,22
338001,12/12/19,7/21/06,13,18,2,3,3,4,16,19,22
338009,12/17/19,4/3/11,8,8,1,2,3,4,12,17,17
338010,12/19/19,8/27/06,13,16,2,4,4,4,23,13,14
338011,12/19/19,4/29/12,7,6,2,3,3,4,6,16,17
338013,1/9/20,7/3/11,8,6,2,4,3,4,3,5,1
338014,1/15/20,9/25/08,11,12,1,2,7,4,6,15,13
338015,1/26/20,5/25/02,17,26,2,3,7,4,25,26,19
339001,2/23/20,2/12/13,7,4,2,2,4,3,7,19,19
339002,2/23/20,2/25/11,8,8,1,2,4,3,24,22,19
339003,2/23/20,4/29/07,12,14,1,2,4,3,27,21,21
339004,3/1/20,3/29/05,14,20,2,1,7,3,32,19,17
339005,3/2/20,4/6/09,10,12,2,1,3,3,30,18,18
339006,3/17/20,7/20/10,9,3,1,2,3,3,6,18,20
339007,3/17/20,4/11/12,7,5,1,2,3,3,10,17,21
339009,3/17/20,3/7/11,9,7,2,2,3,3,22,19,24
342001,4/12/20,3/29/12,8,6,2,3,2,3,19,17,19
342002,4/13/20,3/22/06,14,18,2,3,2,3,31,21,21
342003,4/13/20,2/24/03,17,22,1,2,2,3,37,26,22
342006,4/14/20,5/1/03,16,22,2,2,2,3,29,17,19
342008,4/14/20,7/30/09,10,12,1,2,2,3,32,17,19
342009,4/14/20,3/20/10,10,10,1,3,2,3,17,17,16
342010,4/14/20,7/30/12,7,6,2,3,2,3,24,16,15
342011,4/20/20,2/4/10,10,10,2,3,2,3,23,14,11
342012,4/20/20,2/26/08,12,14,2,3,2,3,26,21,18
342013,4/20/20,12/19/04,15,20,2,3,2,3,32,28,22
342015,4/21/20,2/22/09,11,12,2,1,2,3,23,15,15
342018,4/21/20,8/6/08,11,12,1,1,2,3,11,13,10
342019,4/21/20,11/29/06,13,16,1,1,2,3,14,10,5
342020,4/21/20,12/12/05,14,18,1,1,2,3,14,15,16
342021,4/22/20,12/14/11,8,6,1,2,2,3,5,15,6
342023,4/22/20,7/6/05,14,20,1,2,2,3,31,23,21
342024,4/22/20,9/12/03,16,22,1,2,6,3,32,24,25
342027,4/23/20,10/11/04,15,20,1,2,6,3,29,22,22
342028,4/23/20,6/17/08,11,14,1,2,6,3,24,15,16
342030,4/24/20,7/8/01,18,26,1,1,2,3,28,15,18
342031,4/24/20,8/23/02,17,26,2,1,2,3,28,18,19
342033,4/25/20,7/26/02,17,26,1,2,2,3,27,18,20
342034,4/25/20,11/21/06,13,16,2,2,2,3,23,15,15
342037,5/7/20,10/16/01,18,26,1,1,2,3,27,17,17
342038,5/7/20,11/18/02,17,24,1,1,2,3,37,29,21
342041,5/8/20,9/5/11,8,6,2,2,2,3,15,13,10
342045,5/11/20,11/14/06,13,16,2,3,6,3,36,27,24
342047,5/12/20,8/3/04,15,20,1,2,2,3,31,25,22
346002,3/3/20,5/24/12,7,4,1,2,3,3,2,17,12
346003,3/3/20,1/25/05,15,18,1,2,3,3,28,14,27
346004,3/3/20,12/25/07,12,14,1,4,3,3,33,22,21
346005,3/3/20,5/24/11,8,8,1,3,6,3,18,21,20
346006,3/6/20,12/18/11,8,6,1,3,3,3,3,21,15
346007,3/3/20,12/14/11,8,6,1,2,3,3,2,15,14
346008,3/4/20,7/30/13,6,4,1,2,7,3,3,21,12
346011,3/4/20,7/7/02,17,26,2,3,3,3,35,24,19
346012,3/4/20,2/19/03,17,24,2,3,3,3,33,26,29
346014,3/5/20,11/11/11,8,6,2,2,3,3,5,21,10
346015,3/5/20,2/11/11,9,6,1,1,3,3,5,16,17
346017,3/12/20,2/2/12,8,4,2,2,3,3,5,22,1
348001,2/1/21,3/13/14,6,4,1,2,3,3,3,17,19
348007,1/27/21,6/25/14,6,4,1,2,3,3,12,18,21
348008,1/26/21,12/5/13,7,4,2,2,3,3,14,24,18
348009,1/21/21,6/19/14,6,4,2,2,3,3,11,18,22
348010,1/21/21,6/13/14,6,4,1,2,3,3,7,16,18
348011,1/22/21,3/5/14,6,4,2,2,3,3,8,17,21
348012,2/22/21,12/5/13,7,4,1,2,3,3,9,16,19
348013,2/8/21,10/15/13,7,4,2,2,3,3,14,21,20
348014,1/25/21,1/27/14,7,4,2,2,3,3,5,17,17
348015,2/2/21,1/23/14,7,4,2,2,3,3,14,21,20
348016,2/11/21,2/20/14,6,4,2,2,3,3,13,18,20
348017,2/24/21,3/4/14,6,4,2,2,3,3,18,17,19
348018,2/10/21,4/24/14,6,4,1,2,3,3,9,16,24
348019,3/22/21,4/11/14,6,4,2,2,3,3,8,18,20
348020,2/5/21,11/3/13,7,4,2,2,3,3,12,17,19
349001,10/21/20,3/29/11,9,9,2,4,3,4,17,20,18
349002,10/22/20,4/19/02,18,25,1,2,3,4,19,18,16
353002,5/29/20,9/1/11,8,6,1,3,3,2,3,14,20
353003,5/6/20,12/28/11,8,6,1,2,3,2,10,17,13
353004,5/18/20,4/8/12,8,6,1,2,3,2,7,16,10
353005,6/2/20,1/16/10,10,10,1,3,3,2,19,15,15
353006,6/6/20,4/1/09,11,10,1,3,3,2,21,10,14
353007,5/29/20,1/19/07,13,16,1,3,3,2,32,18,23
353008,6/7/20,11/10/05,14,16,1,3,3,2,31,13,19
353009,5/4/20,7/13/05,14,20,2,3,3,2,32,19,20
353012,5/11/20,8/20/05,14,20,2,3,3,2,37,18,26
353013,6/6/20,6/6/05,15,20,1,3,3,2,36,16,19
353017,5/15/20,3/25/04,16,22,1,3,3,2,27,15,17
353018,5/22/20,10/2/02,17,24,1,3,3,2,30,15,15
354001,9/9/20,3/18/13,7,5,1,3,7,3,11,17,22
354002,9/30/20,2/18/13,7,5,1,3,7,3,8,17,15
354003,10/30/20,3/3/13,7,5,1,3,7,3,11,16,18
354004,9/28/20,1/19/13,7,5,2,3,7,3,8,17,22
354005,10/19/20,6/1/12,8,7,2,2,7,3,4,15,11
354006,11/15/20,4/9/12,8,7,2,2,7,3,21,24,28
354007,11/25/20,2/24/12,8,7,2,2,7,3,25,20,21
354008,10/19/20,5/4/11,9,9,1,3,7,3,22,21,27
354009,11/20/20,5/30/11,9,9,1,3,7,3,33,26,20
354010,11/30/20,9/28/11,9,9,1,3,7,3,23,17,17
354011,10/26/20,5/30/10,10,11,1,3,7,3,26,24,26
354012,10/30/20,4/13/10,10,11,1,3,7,3,23,17,23
354015,11/6/20,5/12/07,13,17,2,3,3,3,26,27,25
354016,10/12/20,4/18/07,13,17,2,3,7,3,42,27,27
354017,11/2/20,3/24/07,13,17,1,2,7,3,35,23,28
354018,11/20/20,4/1/07,13,17,1,3,7,3,27,22,25
354019,11/16/20,6/23/06,14,19,1,3,7,3,29,27,27
354020,10/6/20,4/8/05,15,21,1,3,7,3,29,23,26
354021,10/27/20,7/25/05,15,21,1,3,7,3,40,27,28
354022,10/30/20,7/1/05,15,21,1,2,7,3,29,21,24
354023,11/19/20,2/1/05,15,21,1,3,7,3,26,24,24
354024,11/10/20,2/14/05,15,21,1,2,7,3,35,27,27
354025,9/25/20,4/29/04,16,23,1,3,7,3,43,24,26
354026,10/7/20,7/4/04,16,23,1,2,7,3,33,28,24
354027,9/19/20,5/23/03,17,25,2,3,7,3,39,22,22
354028,9/11/20,6/9/03,17,25,2,3,7,3,26,19,19
354029,9/14/20,5/14/03,17,25,1,3,7,3,31,24,22
354030,10/16/20,4/30/03,17,25,1,3,7,3,28,22,24
354031,11/9/20,3/14/03,17,25,1,2,7,3,36,29,26
354032,11/10/20,4/15/03,17,25,1,3,7,3,33,21,25
354033,10/3/20,5/1/03,17,25,1,3,7,3,31,20,21
354034,9/18/20,8/7/02,18,25,1,2,7,3,29,21,21
354035,9/4/20,3/7/03,17,25,1,3,7,3,41,25,16
354037,11/25/20,2/28/11,9,9,2,2,7,3,30,24,22
354038,11/25/20,4/24/11,9,9,2,2,7,3,31,24,21
354039,9/17/20,6/22/09,11,11,1,2,7,3,29,20,21
360001,11/19/20,6/11/11,9,9,2,4,3,3,11,20,22
360002,12/1/20,8/4/10,10,9,1,4,3,3,14,16,22
360003,12/3/20,12/11/10,9,9,2,4,3,3,24,16,20
360004,12/7/20,3/12/10,10,9,2,4,3,3,20,16,23
360005,12/8/20,6/6/08,12,13,1,4,3,3,28,20,24
360006,12/9/20,4/20/10,10,11,2,4,3,3,23,24,25
360007,12/9/20,2/29/12,8,5,1,4,3,3,5,15,18
360008,12/10/20,10/21/11,9,7,1,4,3,3,19,16,25
360009,12/11/20,4/13/11,9,7,1,4,3,3,13,18,22
360010,12/14/20,11/24/11,9,7,2,3,3,3,14,17,20
360011,12/15/20,7/6/11,9,7,1,4,3,3,8,16,20
360012,12/16/20,12/4/12,8,5,1,4,3,3,2,16,9
360013,12/16/20,8/19/11,9,7,2,3,3,3,6,17,19
360014,12/17/20,12/16/12,8,5,2,4,3,3,8,15,16
360015,12/18/20,3/14/12,8,5,1,4,3,3,4,17,22
360017,1/6/21,3/14/10,10,12,2,4,3,3,18,20,23
360018,1/7/21,6/26/09,11,12,2,4,3,3,19,16,16
360019,1/8/21,12/9/13,7,4,2,4,3,3,1,17,21
360020,1/8/21,2/11/10,10,12,2,4,3,3,17,19,23
360023,1/13/21,3/17/09,11,14,2,4,2,3,19,18,19
360024,1/14/21,7/7/12,8,8,2,4,3,3,14,16,22
360026,1/25/21,6/14/11,9,10,2,4,3,3,15,17,22
360028,1/27/21,10/10/11,9,8,1,4,3,3,7,19,19
360029,1/29/21,10/29/12,8,6,2,4,3,3,7,16,20
360030,2/1/21,5/20/13,7,6,1,4,3,3,7,15,17
360031,2/2/21,8/15/11,9,8,2,4,3,3,9,17,21
360032,2/3/21,7/13/11,9,8,1,4,3,3,9,16,20
360033,2/4/21,5/4/09,11,12,2,4,3,3,22,17,22
360034,2/5/21,12/28/11,9,8,2,4,3,3,6,17,22
360035,2/8/21,12/10/13,7,4,1,4,3,3,3,16,21
360036,2/9/21,11/24/09,11,12,2,4,3,3,8,18,26
360037,2/10/21,3/17/10,10,10,2,4,3,3,9,17,19
360038,2/22/21,4/4/13,7,6,2,4,3,3,18,16,22
360040,2/24/21,2/12/10,11,10,1,4,3,3,12,17,25
360041,2/26/21,6/19/13,7,4,1,4,2,3,2,17,18
360042,3/26/21,8/14/14,6,4,2,4,3,3,3,16,18
360043,3/3/21,7/11/12,8,6,2,4,3,3,5,17,25
360044,3/4/21,8/6/11,9,10,2,4,2,3,14,16,19
360045,3/15/21,6/16/12,8,6,1,4,3,3,5,19,23
360046,3/16/21,12/27/12,8,6,2,4,3,3,6,16,23
361001,11/23/20,3/21/12,8,8,1,1,3,4,14,19,20
361002,1/5/21,5/14/10,10,12,2,4,3,4,15,25,28
361003,12/1/20,2/28/12,8,8,2,3,3,4,4,27,27
361004,12/15/20,3/18/10,10,12,1,1,3,4,17,22,23
361005,12/28/20,5/6/09,11,12,1,4,3,4,21,22,27
361006,12/17/20,6/6/10,10,10,2,1,3,4,21,21,24
361007,12/3/20,1/7/11,9,10,1,4,6,4,4,16,19
361009,1/4/21,9/2/12,8,6,1,4,3,4,12,22,24
361013,1/1/21,12/6/08,12,14,2,4,3,4,26,23,24
361019,1/7/21,11/4/06,14,18,1,4,3,4,30,19,22
361020,1/2/21,12/11/07,13,16,2,4,7,4,30,17,21
361021,12/2/20,9/18/04,16,22,1,4,3,4,23,22,23
361023,12/2/20,4/8/05,15,22,1,1,3,4,29,24,28
361025,1/1/21,6/2/06,14,20,2,4,3,4,25,24,29
361026,12/21/20,9/22/05,15,20,1,4,3,4,24,27,25
361028,12/2/20,11/10/03,17,24,1,2,3,4,13,16,18
362001,1/30/21,5/5/05,15,20,2,4,3,3,28,17,22
362002,1/30/21,8/30/12,8,6,2,4,3,3,6,19,23
362003,2/5/21,6/3/13,7,6,2,4,3,3,5,15,19
362004,2/6/21,4/24/12,8,6,1,4,3,3,8,19,26
362005,2/6/21,5/4/09,11,14,2,4,3,3,12,19,22
362006,2/27/21,12/16/12,8,6,2,4,3,3,15,17,23
362007,2/27/21,9/14/07,13,18,2,4,3,3,29,18,23
362008,2/27/21,12/10/12,8,6,1,4,3,3,16,17,21
362010,3/6/21,10/8/12,8,6,2,3,3,3,4,20,18
363001,3/8/21,11/27/13,7,4,1,3,5,3,4,15,19
363002,3/9/21,12/24/13,7,4,2,2,5,3,7,21,19
363003,3/29/21,4/2/14,6,4,1,2,5,3,4,17,11
363004,3/9/21,1/5/14,7,4,2,2,4,3,3,16,13
363005,3/9/21,7/24/14,6,4,2,3,4,3,4,17,15
363006,3/23/21,5/2/14,6,4,1,2,4,3,3,17,15
363007,3/30/21,6/7/14,6,4,2,3,5,3,7,17,14
363008,3/30/21,8/22/13,7,4,2,2,5,3,3,20,19
363009,3/30/21,2/25/14,7,4,2,3,5,3,3,14,19
401001,10/13/20,5/1/14,6,3,2,3,1,4,6,16,12
401010,12/22/20,4/29/14,6,3,1,4,7,4,3,9,9
401011,1/6/21,2/25/14,6,4,1,4,2,4,5,16,1
401012,1/7/21,2/11/10,10,12,2,4,3,3,18,21,21
401013,1/8/21,6/18/14,6,4,2,4,1,4,18,13,16
401014,1/12/21,11/21/09,11,10,1,3,2,3,9,15,22
401015,1/13/21,11/24/13,7,4,1,3,5,4,5,17,22
401016,1/14/21,7/26/14,6,4,2,1,3,4,6,18,15
401017,1/16/21,4/27/14,6,4,2,4,6,4,2,13,12
401019,1/27/21,10/10/13,7,4,1,3,5,4,6,15,14
501001,5/15/19,1/23/07,12,14,1,1,7,1,24,17,17
501002,5/20/19,1/14/11,8,6,2,2,3,1,8,22,19
501003,5/20/19,1/14/11,8,6,1,2,3,1,5,13,14
501004,5/16/19,12/12/06,12,14,1,3,3,1,28,18,18
501006,5/30/19,7/15/05,13,18,1,2,3,1,29,21,17
501007,5/19/19,4/20/07,12,14,2,4,3,2,30,18,16
501008,5/24/19,5/2/05,14,18,2,3,3,1,27,17,18
501009,5/13/19,10/5/01,17,26,1,2,3,1,37,25,25
501012,5/22/19,3/13/10,9,10,1,4,3,1,30,20,19
501013,5/13/19,3/11/06,13,16,2,4,3,1,29,24,27
501014,5/29/19,12/20/06,12,14,1,3,3,1,25,20,18
501016,5/24/19,3/17/11,8,6,2,3,3,1,19,17,19
501018,5/23/19,9/6/04,14,18,1,3,3,2,36,20,15
501020,5/24/19,9/6/04,14,18,1,4,1,2,35,27,17
501021,5/29/19,3/18/05,14,18,2,3,2,2,26,28,20
501022,5/30/19,11/6/04,14,18,2,4,2,2,33,17,14
501023,5/29/19,11/9/04,14,18,1,3,1,2,35,16,17
501024,5/23/19,9/20/04,14,18,1,4,3,1,28,17,22
501027,4/27/19,9/30/10,8,6,1,4,3,3,33,20,26
501028,4/27/19,2/17/04,15,20,2,4,3,3,32,19,24
501029,4/28/19,2/20/04,15,20,1,4,3,3,26,15,18